sid,A,B,C,D,Vth
0,25,30,12,40,0
0,25,30,12,40,2
0,25,30,12,40,4
0,25,30,12,40,6
0,25,30,12,40,8
0,25,30,12,40,10
0,25,30,12,40,12
0,25,30,12,40,14
0,25,30,12,40,16
0,25,30,12,40,18
0,25,30,12,40,20
0,25,30,12,40,22
0,25,30,12,40,24
0,25,30,12,40,26
0,25,30,12,40,28
0,25,30,12,40,30
0,25,30,12,40,32
0,25,30,12,40,34
0,25,30,12,40,36
0,25,30,12,40,38
0,25,30,12,40,40
0,25,30,12,40,42
0,25,30,12,40,44
0,25,30,12,40,46
0,25,30,12,40,48
0,25,30,12,40,50
0,25,30,12,40,52
0,25,30,12,40,54
0,25,30,12,40,56
0,25,30,12,40,58
0,25,30,12,40,60
0,25,30,12,40,62
0,25,30,12,40,64
0,25,30,12,40,66
0,25,30,12,40,68
0,25,30,12,40,70
0,25,30,12,40,72
0,25,30,12,40,74
0,25,30,12,40,76
0,25,30,12,40,78
0,25,30,12,40,80
0,25,30,12,40,82
0,25,30,12,40,84
0,25,30,12,40,86
0,25,30,12,40,88
0,25,30,12,40,90
0,25,30,12,40,92
0,25,30,12,40,94
0,25,30,12,40,96
0,25,30,12,40,98
0,25,30,12,40,100
0,25,30,12,40,102
0,25,30,12,40,103
0,25,30,12,40,104
0,25,30,12,40,105
0,25,30,12,40,106
0,25,30,12,40,107
0,25,30,12,40,108
0,25,30,12,40,109
0,25,30,12,40,110
0,25,30,12,40,111
0,25,30,12,40,112
0,25,30,12,40,113
0,25,30,12,40,114
0,25,30,12,40,115
0,25,30,12,40,116
0,25,30,12,40,117
0,25,30,12,40,118
0,25,30,12,40,119
0,25,30,12,40,120
0,25,30,12,40,121
0,25,30,12,40,122
0,25,30,12,40,123
0,25,30,12,40,124
0,25,30,12,40,125
0,25,30,12,40,126
0,25,30,12,40,127
0,25,30,12,40,128
0,25,30,12,40,129
0,25,30,12,40,130
0,25,30,12,40,131
0,25,30,12,40,132
0,25,30,12,40,133
0,25,30,12,40,134
0,25,30,12,40,135
0,25,30,12,40,136
0,25,30,12,40,137
0,25,30,12,40,138
0,25,30,12,40,139
0,25,30,12,40,140
0,25,30,12,40,141
0,25,30,12,40,142
0,25,30,12,40,143
0,25,30,12,40,144
0,25,30,12,40,145
0,25,30,12,40,146
0,25,30,12,40,147
0,25,30,12,40,148
0,25,30,12,40,149
0,25,30,12,40,150
0,25,30,12,40,151
0,25,30,12,40,152
0,25,30,12,40,153
0,25,30,12,40,154
0,25,30,12,40,156
0,25,30,12,40,158
0,25,30,12,40,160
0,25,30,12,40,162
0,25,30,12,40,164
0,25,30,12,40,166
0,25,30,12,40,168
0,25,30,12,40,170
0,25,30,12,40,172
0,25,30,12,40,174
0,25,30,12,40,176
0,25,30,12,40,178
0,25,30,12,40,180
0,25,30,12,40,182
0,25,30,12,40,184
0,25,30,12,40,186
0,25,30,12,40,188
0,25,30,12,40,190
0,25,30,12,40,192
0,25,30,12,40,194
0,25,30,12,40,196
0,25,30,12,40,198
0,25,30,12,40,200
0,25,30,12,40,202
0,25,30,12,40,204
0,25,30,12,40,206
0,25,30,12,40,208
0,25,30,12,40,210
0,25,30,12,40,212
0,25,30,12,40,214
0,25,30,12,40,216
0,25,30,12,40,218
0,25,30,12,40,220
0,25,30,12,40,222
0,25,30,12,40,224
0,25,30,12,40,226
0,25,30,12,40,228
0,25,30,12,40,230
0,25,30,12,40,232
0,25,30,12,40,234
0,25,30,12,40,236
0,25,30,12,40,238
0,25,30,12,40,240
0,25,30,12,40,242
0,25,30,12,40,244
0,25,30,12,40,245
0,25,30,12,40,246
0,25,30,12,40,247
0,25,30,12,40,248
0,25,30,12,40,249
0,25,30,12,40,250
0,25,30,12,40,251
0,25,30,12,40,252
0,25,30,12,40,253
0,25,30,12,40,254
0,25,30,12,40,255
0,25,30,12,40,256
0,25,30,12,40,257
0,25,30,12,40,258
0,25,30,12,40,259
0,25,30,12,40,260
0,25,30,12,40,261
0,25,30,12,40,262
0,25,30,12,40,263
0,25,30,12,40,264
0,25,30,12,40,265
0,25,30,12,40,266
0,25,30,12,40,267
0,25,30,12,40,268
0,25,30,12,40,269
0,25,30,12,40,270
0,25,30,12,40,271
0,25,30,12,40,272
0,25,30,12,40,273
0,25,30,12,40,274
0,25,30,12,40,275
0,25,30,12,40,276
0,25,30,12,40,277
0,25,30,12,40,278
0,25,30,12,40,279
0,25,30,12,40,280
0,25,30,12,40,281
0,25,30,12,40,282
0,25,30,12,40,283
0,25,30,12,40,284
0,25,30,12,40,285
0,25,30,12,40,286
0,25,30,12,40,287
0,25,30,12,40,288
0,25,30,12,40,289
0,25,30,12,40,290
0,25,30,12,40,291
0,25,30,12,40,292
0,25,30,12,40,293
0,25,30,12,40,294
0,25,30,12,40,295
0,25,30,12,40,296
0,25,30,12,40,297
0,25,30,12,40,298
0,25,30,12,40,299
0,25,30,12,40,300
0,25,30,12,40,301
0,25,30,12,40,302
0,25,30,12,40,303
0,25,30,12,40,304
0,25,30,12,40,305
0,25,30,12,40,306
0,25,30,12,40,307
0,25,30,12,40,308
0,25,30,12,40,309
0,25,30,12,40,310
0,25,30,12,40,311
0,25,30,12,40,312
0,25,30,12,40,313
0,25,30,12,40,314
0,25,30,12,40,315
0,25,30,12,40,316
0,25,30,12,40,317
0,25,30,12,40,318
0,25,30,12,40,319
0,25,30,12,40,320
0,25,30,12,40,321
0,25,30,12,40,322
0,25,30,12,40,323
0,25,30,12,40,324
0,25,30,12,40,325
0,25,30,12,40,326
0,25,30,12,40,328
0,25,30,12,40,330
0,25,30,12,40,332
0,25,30,12,40,334
0,25,30,12,40,336
0,25,30,12,40,338
0,25,30,12,40,340
0,25,30,12,40,342
0,25,30,12,40,344
0,25,30,12,40,346
0,25,30,12,40,348
0,25,30,12,40,350
0,25,30,12,40,352
0,25,30,12,40,354
0,25,30,12,40,356
0,25,30,12,40,358
0,25,30,12,40,360
0,25,30,12,40,362
0,25,30,12,40,364
0,25,30,12,40,366
0,25,30,12,40,368
0,25,30,12,40,370
0,25,30,12,40,372
0,25,30,12,40,374
0,25,30,12,40,376
0,25,30,12,40,378
0,25,30,12,40,380
0,25,30,12,40,382
0,25,30,12,40,384
0,25,30,12,40,386
0,25,30,12,40,388
0,25,30,12,40,390
0,25,30,12,40,392
0,25,30,12,40,394
0,25,30,12,40,396
0,25,30,12,40,398
0,25,30,12,40,400
0,25,30,12,40,402
0,25,30,12,40,404
0,25,30,12,40,406
0,25,30,12,40,408
0,25,30,12,40,410
0,25,30,12,40,412
0,25,30,12,40,414
0,25,30,12,40,416
0,25,30,12,40,418
0,25,30,12,40,420
0,25,30,12,40,422
0,25,30,12,40,424
0,25,30,12,40,426
0,25,30,12,40,428
0,25,30,12,40,430
0,25,30,12,40,432
0,25,30,12,40,434
0,25,30,12,40,436
0,25,30,12,40,438
0,25,30,12,40,440
0,25,30,12,40,442
0,25,30,12,40,444
0,25,30,12,40,446
0,25,30,12,40,448
0,25,30,12,40,450
0,25,30,12,40,452
0,25,30,12,40,454
0,25,30,12,40,456
0,25,30,12,40,458
0,25,30,12,40,460
0,25,30,12,40,462
0,25,30,12,40,464
0,25,30,12,40,466
0,25,30,12,40,468
0,25,30,12,40,470
0,25,30,12,40,472
0,25,30,12,40,474
0,25,30,12,40,476
0,25,30,12,40,478
0,25,30,12,40,480
0,25,30,12,40,482
0,25,30,12,40,484
0,25,30,12,40,486
0,25,30,12,40,488
0,25,30,12,40,490
0,25,30,12,40,492
0,25,30,12,40,494
0,25,30,12,40,496
0,25,30,12,40,498
0,25,30,12,40,500
0,25,30,12,40,502
0,25,30,12,40,504
0,25,30,12,40,506
0,25,30,12,40,508
0,25,30,12,40,510
0,25,30,12,40,512
0,25,30,12,40,514
0,25,30,12,40,516
0,25,30,12,40,518
0,25,30,12,40,520
0,25,30,12,40,522
0,25,30,12,40,524
0,25,30,12,40,526
0,25,30,12,40,528
0,25,30,12,40,530
0,25,30,12,40,532
0,25,30,12,40,534
0,25,30,12,40,536
0,25,30,12,40,538
0,25,30,12,40,540
0,25,30,12,40,542
0,25,30,12,40,544
0,25,30,12,40,546
0,25,30,12,40,548
0,25,30,12,40,550
0,25,30,12,40,552
0,25,30,12,40,554
0,25,30,12,40,556
0,25,30,12,40,558
0,25,30,12,40,560
0,25,30,12,40,562
0,25,30,12,40,564
0,25,30,12,40,566
0,25,30,12,40,568
0,25,30,12,40,570
0,25,30,12,40,572
0,25,30,12,40,574
0,25,30,12,40,576
0,25,30,12,40,578
0,25,30,12,40,580
0,25,30,12,40,582
0,25,30,12,40,584
0,25,30,12,40,586
0,25,30,12,40,588
0,25,30,12,40,590
0,25,30,12,40,592
0,25,30,12,40,594
0,25,30,12,40,596
0,25,30,12,40,598
0,25,30,12,40,600
1,8,8,5,5,0
1,8,8,5,5,1
1,8,8,5,5,2
1,8,8,5,5,3
1,8,8,5,5,4
1,8,8,5,5,5
1,8,8,5,5,6
1,8,8,5,5,7
1,8,8,5,5,8
1,8,8,5,5,9
1,8,8,5,5,10
1,8,8,5,5,11
1,8,8,5,5,12
1,8,8,5,5,13
1,8,8,5,5,14
1,8,8,5,5,15
1,8,8,5,5,16
1,8,8,5,5,17
1,8,8,5,5,18
1,8,8,5,5,19
1,8,8,5,5,20
1,8,8,5,5,21
1,8,8,5,5,22
1,8,8,5,5,23
1,8,8,5,5,24
1,8,8,5,5,25
1,8,8,5,5,26
1,8,8,5,5,27
1,8,8,5,5,28
1,8,8,5,5,29
1,8,8,5,5,30
1,8,8,5,5,31
1,8,8,5,5,32
1,8,8,5,5,33
1,8,8,5,5,34
1,8,8,5,5,35
1,8,8,5,5,36
1,8,8,5,5,37
1,8,8,5,5,38
1,8,8,5,5,39
1,8,8,5,5,40
1,8,8,5,5,41
1,8,8,5,5,42
1,8,8,5,5,43
1,8,8,5,5,44
1,8,8,5,5,45
1,8,8,5,5,46
1,8,8,5,5,47
1,8,8,5,5,48
1,8,8,5,5,49
1,8,8,5,5,50
1,8,8,5,5,51
1,8,8,5,5,52
1,8,8,5,5,53
1,8,8,5,5,54
1,8,8,5,5,55
1,8,8,5,5,56
1,8,8,5,5,57
1,8,8,5,5,58
1,8,8,5,5,59
1,8,8,5,5,60
1,8,8,5,5,61
1,8,8,5,5,62
1,8,8,5,5,63
1,8,8,5,5,64
1,8,8,5,5,65
1,8,8,5,5,66
1,8,8,5,5,67
1,8,8,5,5,68
1,8,8,5,5,69
1,8,8,5,5,70
1,8,8,5,5,71
1,8,8,5,5,72
1,8,8,5,5,73
1,8,8,5,5,74
1,8,8,5,5,75
1,8,8,5,5,76
1,8,8,5,5,77
1,8,8,5,5,78
1,8,8,5,5,79
1,8,8,5,5,80
1,8,8,5,5,81
1,8,8,5,5,82
1,8,8,5,5,83
1,8,8,5,5,84
1,8,8,5,5,85
1,8,8,5,5,86
1,8,8,5,5,87
1,8,8,5,5,88
1,8,8,5,5,89
1,8,8,5,5,90
1,8,8,5,5,91
1,8,8,5,5,92
1,8,8,5,5,93
1,8,8,5,5,94
1,8,8,5,5,95
1,8,8,5,5,96
1,8,8,5,5,97
1,8,8,5,5,98
1,8,8,5,5,99
1,8,8,5,5,100
1,8,8,5,5,101
1,8,8,5,5,102
1,8,8,5,5,103
1,8,8,5,5,104
1,8,8,5,5,105
1,8,8,5,5,106
1,8,8,5,5,107
1,8,8,5,5,108
1,8,8,5,5,109
1,8,8,5,5,110
1,8,8,5,5,111
1,8,8,5,5,112
1,8,8,5,5,113
1,8,8,5,5,114
1,8,8,5,5,115
1,8,8,5,5,116
1,8,8,5,5,117
1,8,8,5,5,118
1,8,8,5,5,119
1,8,8,5,5,120
1,8,8,5,5,121
1,8,8,5,5,122
1,8,8,5,5,123
1,8,8,5,5,124
1,8,8,5,5,125
1,8,8,5,5,126
1,8,8,5,5,127
1,8,8,5,5,128
1,8,8,5,5,129
1,8,8,5,5,130
1,8,8,5,5,131
1,8,8,5,5,132
1,8,8,5,5,133
1,8,8,5,5,134
1,8,8,5,5,135
1,8,8,5,5,136
1,8,8,5,5,137
1,8,8,5,5,138
1,8,8,5,5,139
1,8,8,5,5,140
1,8,8,5,5,141
1,8,8,5,5,142
1,8,8,5,5,143
1,8,8,5,5,144
1,8,8,5,5,145
1,8,8,5,5,146
1,8,8,5,5,147
1,8,8,5,5,148
1,8,8,5,5,149
1,8,8,5,5,150
1,8,8,5,5,151
1,8,8,5,5,152
1,8,8,5,5,153
1,8,8,5,5,154
1,8,8,5,5,155
1,8,8,5,5,156
1,8,8,5,5,157
1,8,8,5,5,158
1,8,8,5,5,159
1,8,8,5,5,160
1,8,8,5,5,161
1,8,8,5,5,162
1,8,8,5,5,163
1,8,8,5,5,164
1,8,8,5,5,165
1,8,8,5,5,166
1,8,8,5,5,167
1,8,8,5,5,168
1,8,8,5,5,169
1,8,8,5,5,170
1,8,8,5,5,171
1,8,8,5,5,172
1,8,8,5,5,173
1,8,8,5,5,174
1,8,8,5,5,175
1,8,8,5,5,176
1,8,8,5,5,177
1,8,8,5,5,178
1,8,8,5,5,179
1,8,8,5,5,180
1,8,8,5,5,181
1,8,8,5,5,182
1,8,8,5,5,183
1,8,8,5,5,184
1,8,8,5,5,185
1,8,8,5,5,186
1,8,8,5,5,187
1,8,8,5,5,188
1,8,8,5,5,189
1,8,8,5,5,190
1,8,8,5,5,191
1,8,8,5,5,192
1,8,8,5,5,193
1,8,8,5,5,194
1,8,8,5,5,195
1,8,8,5,5,196
1,8,8,5,5,197
1,8,8,5,5,198
1,8,8,5,5,199
1,8,8,5,5,200
1,8,8,5,5,201
1,8,8,5,5,202
1,8,8,5,5,203
1,8,8,5,5,204
1,8,8,5,5,205
1,8,8,5,5,206
1,8,8,5,5,207
1,8,8,5,5,208
1,8,8,5,5,209
1,8,8,5,5,210
1,8,8,5,5,211
1,8,8,5,5,212
1,8,8,5,5,213
1,8,8,5,5,214
1,8,8,5,5,215
1,8,8,5,5,216
1,8,8,5,5,217
1,8,8,5,5,218
1,8,8,5,5,219
1,8,8,5,5,220
1,8,8,5,5,221
1,8,8,5,5,222
1,8,8,5,5,223
1,8,8,5,5,224
1,8,8,5,5,225
1,8,8,5,5,226
1,8,8,5,5,227
1,8,8,5,5,228
1,8,8,5,5,229
1,8,8,5,5,230
1,8,8,5,5,231
1,8,8,5,5,232
1,8,8,5,5,233
1,8,8,5,5,234
1,8,8,5,5,235
1,8,8,5,5,236
1,8,8,5,5,237
1,8,8,5,5,238
1,8,8,5,5,239
1,8,8,5,5,240
1,8,8,5,5,241
1,8,8,5,5,242
1,8,8,5,5,243
1,8,8,5,5,244
1,8,8,5,5,245
1,8,8,5,5,246
1,8,8,5,5,247
1,8,8,5,5,248
1,8,8,5,5,249
1,8,8,5,5,250
1,8,8,5,5,251
1,8,8,5,5,252
1,8,8,5,5,253
1,8,8,5,5,254
1,8,8,5,5,255
1,8,8,5,5,256
1,8,8,5,5,257
1,8,8,5,5,258
1,8,8,5,5,259
1,8,8,5,5,260
1,8,8,5,5,261
1,8,8,5,5,262
1,8,8,5,5,263
1,8,8,5,5,264
1,8,8,5,5,265
1,8,8,5,5,266
1,8,8,5,5,267
1,8,8,5,5,268
1,8,8,5,5,269
1,8,8,5,5,270
1,8,8,5,5,271
1,8,8,5,5,272
1,8,8,5,5,273
1,8,8,5,5,274
1,8,8,5,5,275
1,8,8,5,5,276
1,8,8,5,5,277
1,8,8,5,5,278
1,8,8,5,5,279
1,8,8,5,5,280
1,8,8,5,5,281
1,8,8,5,5,282
1,8,8,5,5,283
1,8,8,5,5,284
1,8,8,5,5,285
1,8,8,5,5,286
1,8,8,5,5,287
1,8,8,5,5,288
1,8,8,5,5,289
1,8,8,5,5,290
1,8,8,5,5,291
1,8,8,5,5,292
1,8,8,5,5,293
1,8,8,5,5,294
1,8,8,5,5,295
1,8,8,5,5,296
1,8,8,5,5,297
1,8,8,5,5,298
1,8,8,5,5,299
1,8,8,5,5,300
2,50,50,20,20,0
2,50,50,20,20,16
2,50,50,20,20,32
2,50,50,20,20,48
2,50,50,20,20,64
2,50,50,20,20,80
2,50,50,20,20,96
2,50,50,20,20,112
2,50,50,20,20,128
2,50,50,20,20,144
2,50,50,20,20,160
2,50,50,20,20,176
2,50,50,20,20,192
2,50,50,20,20,208
2,50,50,20,20,224
2,50,50,20,20,240
2,50,50,20,20,256
2,50,50,20,20,272
2,50,50,20,20,288
2,50,50,20,20,304
2,50,50,20,20,320
2,50,50,20,20,336
2,50,50,20,20,352
2,50,50,20,20,368
2,50,50,20,20,384
2,50,50,20,20,400
2,50,50,20,20,416
2,50,50,20,20,432
2,50,50,20,20,448
2,50,50,20,20,464
2,50,50,20,20,480
2,50,50,20,20,496
2,50,50,20,20,512
2,50,50,20,20,528
2,50,50,20,20,544
2,50,50,20,20,560
2,50,50,20,20,576
2,50,50,20,20,592
2,50,50,20,20,608
2,50,50,20,20,624
2,50,50,20,20,640
2,50,50,20,20,656
2,50,50,20,20,672
2,50,50,20,20,688
2,50,50,20,20,704
2,50,50,20,20,720
2,50,50,20,20,736
2,50,50,20,20,752
2,50,50,20,20,768
2,50,50,20,20,784
2,50,50,20,20,800
2,50,50,20,20,816
2,50,50,20,20,832
2,50,50,20,20,848
2,50,50,20,20,864
2,50,50,20,20,880
2,50,50,20,20,896
2,50,50,20,20,912
2,50,50,20,20,928
2,50,50,20,20,944
2,50,50,20,20,960
2,50,50,20,20,976
2,50,50,20,20,992
2,50,50,20,20,1008
2,50,50,20,20,1024
2,50,50,20,20,1040
2,50,50,20,20,1056
2,50,50,20,20,1072
2,50,50,20,20,1088
2,50,50,20,20,1104
2,50,50,20,20,1120
2,50,50,20,20,1136
2,50,50,20,20,1152
2,50,50,20,20,1168
2,50,50,20,20,1184
2,50,50,20,20,1200
2,50,50,20,20,1216
2,50,50,20,20,1232
2,50,50,20,20,1248
2,50,50,20,20,1264
2,50,50,20,20,1280
2,50,50,20,20,1296
2,50,50,20,20,1312
2,50,50,20,20,1328
2,50,50,20,20,1344
2,50,50,20,20,1360
2,50,50,20,20,1376
2,50,50,20,20,1392
2,50,50,20,20,1408
2,50,50,20,20,1424
2,50,50,20,20,1440
2,50,50,20,20,1456
2,50,50,20,20,1472
2,50,50,20,20,1488
2,50,50,20,20,1504
2,50,50,20,20,1520
2,50,50,20,20,1536
2,50,50,20,20,1552
2,50,50,20,20,1568
2,50,50,20,20,1584
2,50,50,20,20,1600
2,50,50,20,20,1616
2,50,50,20,20,1632
2,50,50,20,20,1648
2,50,50,20,20,1664
2,50,50,20,20,1680
2,50,50,20,20,1696
2,50,50,20,20,1712
2,50,50,20,20,1728
2,50,50,20,20,1744
2,50,50,20,20,1760
2,50,50,20,20,1767
2,50,50,20,20,1768
2,50,50,20,20,1769
2,50,50,20,20,1770
2,50,50,20,20,1771
2,50,50,20,20,1772
2,50,50,20,20,1773
2,50,50,20,20,1774
2,50,50,20,20,1775
2,50,50,20,20,1776
2,50,50,20,20,1777
2,50,50,20,20,1778
2,50,50,20,20,1779
2,50,50,20,20,1780
2,50,50,20,20,1781
2,50,50,20,20,1782
2,50,50,20,20,1783
2,50,50,20,20,1784
2,50,50,20,20,1785
2,50,50,20,20,1786
2,50,50,20,20,1787
2,50,50,20,20,1788
2,50,50,20,20,1789
2,50,50,20,20,1790
2,50,50,20,20,1791
2,50,50,20,20,1792
2,50,50,20,20,1793
2,50,50,20,20,1794
2,50,50,20,20,1795
2,50,50,20,20,1796
2,50,50,20,20,1797
2,50,50,20,20,1798
2,50,50,20,20,1799
2,50,50,20,20,1800
2,50,50,20,20,1801
2,50,50,20,20,1802
2,50,50,20,20,1803
2,50,50,20,20,1804
2,50,50,20,20,1805
2,50,50,20,20,1806
2,50,50,20,20,1807
2,50,50,20,20,1808
2,50,50,20,20,1809
2,50,50,20,20,1810
2,50,50,20,20,1811
2,50,50,20,20,1812
2,50,50,20,20,1813
2,50,50,20,20,1814
2,50,50,20,20,1815
2,50,50,20,20,1816
2,50,50,20,20,1817
2,50,50,20,20,1824
2,50,50,20,20,1840
2,50,50,20,20,1856
2,50,50,20,20,1872
2,50,50,20,20,1888
2,50,50,20,20,1904
2,50,50,20,20,1920
2,50,50,20,20,1936
2,50,50,20,20,1952
2,50,50,20,20,1968
2,50,50,20,20,1975
2,50,50,20,20,1976
2,50,50,20,20,1977
2,50,50,20,20,1978
2,50,50,20,20,1979
2,50,50,20,20,1980
2,50,50,20,20,1981
2,50,50,20,20,1982
2,50,50,20,20,1983
2,50,50,20,20,1984
2,50,50,20,20,1985
2,50,50,20,20,1986
2,50,50,20,20,1987
2,50,50,20,20,1988
2,50,50,20,20,1989
2,50,50,20,20,1990
2,50,50,20,20,1991
2,50,50,20,20,1992
2,50,50,20,20,1993
2,50,50,20,20,1994
2,50,50,20,20,1995
2,50,50,20,20,1996
2,50,50,20,20,1997
2,50,50,20,20,1998
2,50,50,20,20,1999
2,50,50,20,20,2000
2,50,50,20,20,2001
2,50,50,20,20,2002
2,50,50,20,20,2003
2,50,50,20,20,2004
2,50,50,20,20,2005
2,50,50,20,20,2006
2,50,50,20,20,2007
2,50,50,20,20,2008
2,50,50,20,20,2009
2,50,50,20,20,2010
2,50,50,20,20,2011
2,50,50,20,20,2012
2,50,50,20,20,2013
2,50,50,20,20,2014
2,50,50,20,20,2015
2,50,50,20,20,2016
2,50,50,20,20,2017
2,50,50,20,20,2018
2,50,50,20,20,2019
2,50,50,20,20,2020
2,50,50,20,20,2021
2,50,50,20,20,2022
2,50,50,20,20,2023
2,50,50,20,20,2024
2,50,50,20,20,2025
2,50,50,20,20,2032
2,50,50,20,20,2048
2,50,50,20,20,2064
2,50,50,20,20,2075
2,50,50,20,20,2076
2,50,50,20,20,2077
2,50,50,20,20,2078
2,50,50,20,20,2079
2,50,50,20,20,2080
2,50,50,20,20,2081
2,50,50,20,20,2082
2,50,50,20,20,2083
2,50,50,20,20,2084
2,50,50,20,20,2085
2,50,50,20,20,2086
2,50,50,20,20,2087
2,50,50,20,20,2088
2,50,50,20,20,2089
2,50,50,20,20,2090
2,50,50,20,20,2091
2,50,50,20,20,2092
2,50,50,20,20,2093
2,50,50,20,20,2094
2,50,50,20,20,2095
2,50,50,20,20,2096
2,50,50,20,20,2097
2,50,50,20,20,2098
2,50,50,20,20,2099
2,50,50,20,20,2100
2,50,50,20,20,2101
2,50,50,20,20,2102
2,50,50,20,20,2103
2,50,50,20,20,2104
2,50,50,20,20,2105
2,50,50,20,20,2106
2,50,50,20,20,2107
2,50,50,20,20,2108
2,50,50,20,20,2109
2,50,50,20,20,2110
2,50,50,20,20,2111
2,50,50,20,20,2112
2,50,50,20,20,2113
2,50,50,20,20,2114
2,50,50,20,20,2115
2,50,50,20,20,2116
2,50,50,20,20,2117
2,50,50,20,20,2118
2,50,50,20,20,2119
2,50,50,20,20,2120
2,50,50,20,20,2121
2,50,50,20,20,2122
2,50,50,20,20,2123
2,50,50,20,20,2124
2,50,50,20,20,2125
2,50,50,20,20,2128
2,50,50,20,20,2144
2,50,50,20,20,2160
2,50,50,20,20,2176
2,50,50,20,20,2192
2,50,50,20,20,2208
2,50,50,20,20,2224
2,50,50,20,20,2240
2,50,50,20,20,2256
2,50,50,20,20,2272
2,50,50,20,20,2288
2,50,50,20,20,2304
2,50,50,20,20,2320
2,50,50,20,20,2336
2,50,50,20,20,2352
2,50,50,20,20,2368
2,50,50,20,20,2384
2,50,50,20,20,2400
2,50,50,20,20,2416
2,50,50,20,20,2432
2,50,50,20,20,2448
2,50,50,20,20,2464
2,50,50,20,20,2480
2,50,50,20,20,2496
2,50,50,20,20,2512
2,50,50,20,20,2528
2,50,50,20,20,2544
2,50,50,20,20,2560
2,50,50,20,20,2576
2,50,50,20,20,2592
2,50,50,20,20,2608
2,50,50,20,20,2624
2,50,50,20,20,2640
2,50,50,20,20,2656
2,50,50,20,20,2672
2,50,50,20,20,2688
2,50,50,20,20,2704
2,50,50,20,20,2720
2,50,50,20,20,2736
2,50,50,20,20,2752
2,50,50,20,20,2768
2,50,50,20,20,2784
2,50,50,20,20,2800
2,50,50,20,20,2816
2,50,50,20,20,2832
2,50,50,20,20,2848
2,50,50,20,20,2864
2,50,50,20,20,2880
2,50,50,20,20,2896
2,50,50,20,20,2912
2,50,50,20,20,2928
2,50,50,20,20,2944
2,50,50,20,20,2960
2,50,50,20,20,2976
2,50,50,20,20,2992
2,50,50,20,20,3008
2,50,50,20,20,3024
2,50,50,20,20,3040
2,50,50,20,20,3056
2,50,50,20,20,3072
2,50,50,20,20,3088
2,50,50,20,20,3104
2,50,50,20,20,3120
2,50,50,20,20,3136
2,50,50,20,20,3152
2,50,50,20,20,3168
2,50,50,20,20,3184
2,50,50,20,20,3200
2,50,50,20,20,3216
2,50,50,20,20,3232
2,50,50,20,20,3248
2,50,50,20,20,3264
2,50,50,20,20,3280
2,50,50,20,20,3296
2,50,50,20,20,3312
2,50,50,20,20,3328
2,50,50,20,20,3344
2,50,50,20,20,3360
2,50,50,20,20,3376
2,50,50,20,20,3392
2,50,50,20,20,3408
2,50,50,20,20,3424
2,50,50,20,20,3440
2,50,50,20,20,3456
2,50,50,20,20,3472
2,50,50,20,20,3488
2,50,50,20,20,3504
2,50,50,20,20,3520
2,50,50,20,20,3536
2,50,50,20,20,3552
2,50,50,20,20,3568
2,50,50,20,20,3584
2,50,50,20,20,3600
2,50,50,20,20,3616
2,50,50,20,20,3632
2,50,50,20,20,3648
2,50,50,20,20,3664
2,50,50,20,20,3680
2,50,50,20,20,3696
2,50,50,20,20,3712
2,50,50,20,20,3728
2,50,50,20,20,3744
2,50,50,20,20,3760
2,50,50,20,20,3776
2,50,50,20,20,3792
2,50,50,20,20,3808
2,50,50,20,20,3824
2,50,50,20,20,3840
2,50,50,20,20,3856
2,50,50,20,20,3872
2,50,50,20,20,3888
2,50,50,20,20,3904
2,50,50,20,20,3920
2,50,50,20,20,3936
2,50,50,20,20,3952
2,50,50,20,20,3968
2,50,50,20,20,3984
2,50,50,20,20,4000
3,40,40,10,10,0
3,40,40,10,10,12
3,40,40,10,10,24
3,40,40,10,10,36
3,40,40,10,10,48
3,40,40,10,10,60
3,40,40,10,10,72
3,40,40,10,10,84
3,40,40,10,10,96
3,40,40,10,10,108
3,40,40,10,10,120
3,40,40,10,10,132
3,40,40,10,10,144
3,40,40,10,10,156
3,40,40,10,10,168
3,40,40,10,10,180
3,40,40,10,10,192
3,40,40,10,10,204
3,40,40,10,10,216
3,40,40,10,10,228
3,40,40,10,10,240
3,40,40,10,10,252
3,40,40,10,10,264
3,40,40,10,10,276
3,40,40,10,10,288
3,40,40,10,10,300
3,40,40,10,10,312
3,40,40,10,10,324
3,40,40,10,10,336
3,40,40,10,10,348
3,40,40,10,10,360
3,40,40,10,10,372
3,40,40,10,10,384
3,40,40,10,10,396
3,40,40,10,10,408
3,40,40,10,10,420
3,40,40,10,10,432
3,40,40,10,10,444
3,40,40,10,10,456
3,40,40,10,10,468
3,40,40,10,10,480
3,40,40,10,10,492
3,40,40,10,10,504
3,40,40,10,10,516
3,40,40,10,10,528
3,40,40,10,10,540
3,40,40,10,10,552
3,40,40,10,10,564
3,40,40,10,10,576
3,40,40,10,10,588
3,40,40,10,10,600
3,40,40,10,10,612
3,40,40,10,10,624
3,40,40,10,10,636
3,40,40,10,10,648
3,40,40,10,10,660
3,40,40,10,10,672
3,40,40,10,10,684
3,40,40,10,10,696
3,40,40,10,10,708
3,40,40,10,10,720
3,40,40,10,10,732
3,40,40,10,10,744
3,40,40,10,10,756
3,40,40,10,10,768
3,40,40,10,10,780
3,40,40,10,10,792
3,40,40,10,10,804
3,40,40,10,10,816
3,40,40,10,10,828
3,40,40,10,10,840
3,40,40,10,10,852
3,40,40,10,10,864
3,40,40,10,10,876
3,40,40,10,10,888
3,40,40,10,10,900
3,40,40,10,10,912
3,40,40,10,10,924
3,40,40,10,10,936
3,40,40,10,10,948
3,40,40,10,10,960
3,40,40,10,10,972
3,40,40,10,10,984
3,40,40,10,10,996
3,40,40,10,10,1008
3,40,40,10,10,1020
3,40,40,10,10,1032
3,40,40,10,10,1044
3,40,40,10,10,1056
3,40,40,10,10,1068
3,40,40,10,10,1080
3,40,40,10,10,1092
3,40,40,10,10,1104
3,40,40,10,10,1116
3,40,40,10,10,1128
3,40,40,10,10,1140
3,40,40,10,10,1152
3,40,40,10,10,1164
3,40,40,10,10,1176
3,40,40,10,10,1188
3,40,40,10,10,1200
3,40,40,10,10,1212
3,40,40,10,10,1224
3,40,40,10,10,1236
3,40,40,10,10,1248
3,40,40,10,10,1260
3,40,40,10,10,1272
3,40,40,10,10,1284
3,40,40,10,10,1296
3,40,40,10,10,1308
3,40,40,10,10,1320
3,40,40,10,10,1332
3,40,40,10,10,1344
3,40,40,10,10,1356
3,40,40,10,10,1368
3,40,40,10,10,1380
3,40,40,10,10,1392
3,40,40,10,10,1404
3,40,40,10,10,1416
3,40,40,10,10,1428
3,40,40,10,10,1440
3,40,40,10,10,1452
3,40,40,10,10,1464
3,40,40,10,10,1475
3,40,40,10,10,1476
3,40,40,10,10,1477
3,40,40,10,10,1478
3,40,40,10,10,1479
3,40,40,10,10,1480
3,40,40,10,10,1481
3,40,40,10,10,1482
3,40,40,10,10,1483
3,40,40,10,10,1484
3,40,40,10,10,1485
3,40,40,10,10,1486
3,40,40,10,10,1487
3,40,40,10,10,1488
3,40,40,10,10,1489
3,40,40,10,10,1490
3,40,40,10,10,1491
3,40,40,10,10,1492
3,40,40,10,10,1493
3,40,40,10,10,1494
3,40,40,10,10,1495
3,40,40,10,10,1496
3,40,40,10,10,1497
3,40,40,10,10,1498
3,40,40,10,10,1499
3,40,40,10,10,1500
3,40,40,10,10,1501
3,40,40,10,10,1502
3,40,40,10,10,1503
3,40,40,10,10,1504
3,40,40,10,10,1505
3,40,40,10,10,1506
3,40,40,10,10,1507
3,40,40,10,10,1508
3,40,40,10,10,1509
3,40,40,10,10,1510
3,40,40,10,10,1511
3,40,40,10,10,1512
3,40,40,10,10,1513
3,40,40,10,10,1514
3,40,40,10,10,1515
3,40,40,10,10,1516
3,40,40,10,10,1517
3,40,40,10,10,1518
3,40,40,10,10,1519
3,40,40,10,10,1520
3,40,40,10,10,1521
3,40,40,10,10,1522
3,40,40,10,10,1523
3,40,40,10,10,1524
3,40,40,10,10,1525
3,40,40,10,10,1526
3,40,40,10,10,1527
3,40,40,10,10,1528
3,40,40,10,10,1529
3,40,40,10,10,1530
3,40,40,10,10,1531
3,40,40,10,10,1532
3,40,40,10,10,1533
3,40,40,10,10,1534
3,40,40,10,10,1535
3,40,40,10,10,1536
3,40,40,10,10,1537
3,40,40,10,10,1538
3,40,40,10,10,1539
3,40,40,10,10,1540
3,40,40,10,10,1541
3,40,40,10,10,1542
3,40,40,10,10,1543
3,40,40,10,10,1544
3,40,40,10,10,1545
3,40,40,10,10,1546
3,40,40,10,10,1547
3,40,40,10,10,1548
3,40,40,10,10,1549
3,40,40,10,10,1550
3,40,40,10,10,1551
3,40,40,10,10,1552
3,40,40,10,10,1553
3,40,40,10,10,1554
3,40,40,10,10,1555
3,40,40,10,10,1556
3,40,40,10,10,1557
3,40,40,10,10,1558
3,40,40,10,10,1559
3,40,40,10,10,1560
3,40,40,10,10,1561
3,40,40,10,10,1572
3,40,40,10,10,1584
3,40,40,10,10,1596
3,40,40,10,10,1608
3,40,40,10,10,1620
3,40,40,10,10,1632
3,40,40,10,10,1644
3,40,40,10,10,1656
3,40,40,10,10,1668
3,40,40,10,10,1680
3,40,40,10,10,1692
3,40,40,10,10,1704
3,40,40,10,10,1716
3,40,40,10,10,1728
3,40,40,10,10,1740
3,40,40,10,10,1752
3,40,40,10,10,1764
3,40,40,10,10,1776
3,40,40,10,10,1788
3,40,40,10,10,1800
3,40,40,10,10,1812
3,40,40,10,10,1824
3,40,40,10,10,1836
3,40,40,10,10,1848
3,40,40,10,10,1860
3,40,40,10,10,1872
3,40,40,10,10,1884
3,40,40,10,10,1896
3,40,40,10,10,1908
3,40,40,10,10,1920
3,40,40,10,10,1932
3,40,40,10,10,1944
3,40,40,10,10,1956
3,40,40,10,10,1968
3,40,40,10,10,1980
3,40,40,10,10,1992
3,40,40,10,10,2004
3,40,40,10,10,2016
3,40,40,10,10,2028
3,40,40,10,10,2040
3,40,40,10,10,2052
3,40,40,10,10,2064
3,40,40,10,10,2076
3,40,40,10,10,2088
3,40,40,10,10,2100
3,40,40,10,10,2112
3,40,40,10,10,2124
3,40,40,10,10,2136
3,40,40,10,10,2148
3,40,40,10,10,2160
3,40,40,10,10,2172
3,40,40,10,10,2184
3,40,40,10,10,2196
3,40,40,10,10,2208
3,40,40,10,10,2220
3,40,40,10,10,2232
3,40,40,10,10,2244
3,40,40,10,10,2256
3,40,40,10,10,2268
3,40,40,10,10,2280
3,40,40,10,10,2292
3,40,40,10,10,2304
3,40,40,10,10,2316
3,40,40,10,10,2328
3,40,40,10,10,2340
3,40,40,10,10,2352
3,40,40,10,10,2364
3,40,40,10,10,2376
3,40,40,10,10,2388
3,40,40,10,10,2400
3,40,40,10,10,2412
3,40,40,10,10,2424
3,40,40,10,10,2436
3,40,40,10,10,2448
3,40,40,10,10,2460
3,40,40,10,10,2472
3,40,40,10,10,2484
3,40,40,10,10,2496
3,40,40,10,10,2508
3,40,40,10,10,2520
3,40,40,10,10,2532
3,40,40,10,10,2544
3,40,40,10,10,2556
3,40,40,10,10,2568
3,40,40,10,10,2580
3,40,40,10,10,2592
3,40,40,10,10,2604
3,40,40,10,10,2616
3,40,40,10,10,2628
3,40,40,10,10,2640
3,40,40,10,10,2652
3,40,40,10,10,2664
3,40,40,10,10,2676
3,40,40,10,10,2688
3,40,40,10,10,2700
3,40,40,10,10,2712
3,40,40,10,10,2724
3,40,40,10,10,2736
3,40,40,10,10,2748
3,40,40,10,10,2760
3,40,40,10,10,2772
3,40,40,10,10,2784
3,40,40,10,10,2796
3,40,40,10,10,2808
3,40,40,10,10,2820
3,40,40,10,10,2832
3,40,40,10,10,2844
3,40,40,10,10,2856
3,40,40,10,10,2868
3,40,40,10,10,2880
3,40,40,10,10,2892
3,40,40,10,10,2904
3,40,40,10,10,2916
3,40,40,10,10,2928
3,40,40,10,10,2940
3,40,40,10,10,2952
3,40,40,10,10,2964
3,40,40,10,10,2976
3,40,40,10,10,2988
3,40,40,10,10,3000
4,30,30,10,10,0
4,30,30,10,10,6
4,30,30,10,10,12
4,30,30,10,10,18
4,30,30,10,10,24
4,30,30,10,10,30
4,30,30,10,10,36
4,30,30,10,10,42
4,30,30,10,10,48
4,30,30,10,10,54
4,30,30,10,10,60
4,30,30,10,10,66
4,30,30,10,10,72
4,30,30,10,10,78
4,30,30,10,10,84
4,30,30,10,10,90
4,30,30,10,10,96
4,30,30,10,10,102
4,30,30,10,10,108
4,30,30,10,10,114
4,30,30,10,10,120
4,30,30,10,10,126
4,30,30,10,10,132
4,30,30,10,10,138
4,30,30,10,10,144
4,30,30,10,10,150
4,30,30,10,10,156
4,30,30,10,10,162
4,30,30,10,10,168
4,30,30,10,10,174
4,30,30,10,10,180
4,30,30,10,10,186
4,30,30,10,10,192
4,30,30,10,10,198
4,30,30,10,10,204
4,30,30,10,10,210
4,30,30,10,10,216
4,30,30,10,10,222
4,30,30,10,10,228
4,30,30,10,10,234
4,30,30,10,10,240
4,30,30,10,10,246
4,30,30,10,10,252
4,30,30,10,10,258
4,30,30,10,10,264
4,30,30,10,10,270
4,30,30,10,10,276
4,30,30,10,10,282
4,30,30,10,10,288
4,30,30,10,10,294
4,30,30,10,10,300
4,30,30,10,10,306
4,30,30,10,10,312
4,30,30,10,10,318
4,30,30,10,10,324
4,30,30,10,10,330
4,30,30,10,10,336
4,30,30,10,10,342
4,30,30,10,10,348
4,30,30,10,10,354
4,30,30,10,10,360
4,30,30,10,10,366
4,30,30,10,10,372
4,30,30,10,10,378
4,30,30,10,10,384
4,30,30,10,10,390
4,30,30,10,10,396
4,30,30,10,10,402
4,30,30,10,10,408
4,30,30,10,10,414
4,30,30,10,10,420
4,30,30,10,10,426
4,30,30,10,10,432
4,30,30,10,10,438
4,30,30,10,10,444
4,30,30,10,10,450
4,30,30,10,10,456
4,30,30,10,10,462
4,30,30,10,10,468
4,30,30,10,10,474
4,30,30,10,10,480
4,30,30,10,10,486
4,30,30,10,10,492
4,30,30,10,10,498
4,30,30,10,10,504
4,30,30,10,10,510
4,30,30,10,10,516
4,30,30,10,10,522
4,30,30,10,10,528
4,30,30,10,10,534
4,30,30,10,10,540
4,30,30,10,10,546
4,30,30,10,10,552
4,30,30,10,10,558
4,30,30,10,10,564
4,30,30,10,10,570
4,30,30,10,10,576
4,30,30,10,10,582
4,30,30,10,10,588
4,30,30,10,10,594
4,30,30,10,10,600
4,30,30,10,10,606
4,30,30,10,10,612
4,30,30,10,10,615
4,30,30,10,10,616
4,30,30,10,10,617
4,30,30,10,10,618
4,30,30,10,10,619
4,30,30,10,10,620
4,30,30,10,10,621
4,30,30,10,10,622
4,30,30,10,10,623
4,30,30,10,10,624
4,30,30,10,10,625
4,30,30,10,10,626
4,30,30,10,10,627
4,30,30,10,10,628
4,30,30,10,10,629
4,30,30,10,10,630
4,30,30,10,10,631
4,30,30,10,10,632
4,30,30,10,10,633
4,30,30,10,10,634
4,30,30,10,10,635
4,30,30,10,10,636
4,30,30,10,10,637
4,30,30,10,10,638
4,30,30,10,10,639
4,30,30,10,10,640
4,30,30,10,10,641
4,30,30,10,10,642
4,30,30,10,10,643
4,30,30,10,10,644
4,30,30,10,10,645
4,30,30,10,10,646
4,30,30,10,10,647
4,30,30,10,10,648
4,30,30,10,10,649
4,30,30,10,10,650
4,30,30,10,10,651
4,30,30,10,10,652
4,30,30,10,10,653
4,30,30,10,10,654
4,30,30,10,10,655
4,30,30,10,10,656
4,30,30,10,10,657
4,30,30,10,10,658
4,30,30,10,10,659
4,30,30,10,10,660
4,30,30,10,10,661
4,30,30,10,10,662
4,30,30,10,10,663
4,30,30,10,10,664
4,30,30,10,10,665
4,30,30,10,10,666
4,30,30,10,10,672
4,30,30,10,10,678
4,30,30,10,10,684
4,30,30,10,10,690
4,30,30,10,10,696
4,30,30,10,10,702
4,30,30,10,10,708
4,30,30,10,10,714
4,30,30,10,10,720
4,30,30,10,10,726
4,30,30,10,10,732
4,30,30,10,10,738
4,30,30,10,10,744
4,30,30,10,10,750
4,30,30,10,10,756
4,30,30,10,10,762
4,30,30,10,10,768
4,30,30,10,10,774
4,30,30,10,10,775
4,30,30,10,10,776
4,30,30,10,10,777
4,30,30,10,10,778
4,30,30,10,10,779
4,30,30,10,10,780
4,30,30,10,10,781
4,30,30,10,10,782
4,30,30,10,10,783
4,30,30,10,10,784
4,30,30,10,10,785
4,30,30,10,10,786
4,30,30,10,10,787
4,30,30,10,10,788
4,30,30,10,10,789
4,30,30,10,10,790
4,30,30,10,10,791
4,30,30,10,10,792
4,30,30,10,10,793
4,30,30,10,10,794
4,30,30,10,10,795
4,30,30,10,10,796
4,30,30,10,10,797
4,30,30,10,10,798
4,30,30,10,10,799
4,30,30,10,10,800
4,30,30,10,10,801
4,30,30,10,10,802
4,30,30,10,10,803
4,30,30,10,10,804
4,30,30,10,10,805
4,30,30,10,10,806
4,30,30,10,10,807
4,30,30,10,10,808
4,30,30,10,10,809
4,30,30,10,10,810
4,30,30,10,10,811
4,30,30,10,10,812
4,30,30,10,10,813
4,30,30,10,10,814
4,30,30,10,10,815
4,30,30,10,10,816
4,30,30,10,10,817
4,30,30,10,10,818
4,30,30,10,10,819
4,30,30,10,10,820
4,30,30,10,10,821
4,30,30,10,10,822
4,30,30,10,10,823
4,30,30,10,10,824
4,30,30,10,10,825
4,30,30,10,10,828
4,30,30,10,10,834
4,30,30,10,10,840
4,30,30,10,10,846
4,30,30,10,10,852
4,30,30,10,10,858
4,30,30,10,10,864
4,30,30,10,10,870
4,30,30,10,10,876
4,30,30,10,10,882
4,30,30,10,10,888
4,30,30,10,10,894
4,30,30,10,10,900
4,30,30,10,10,906
4,30,30,10,10,912
4,30,30,10,10,918
4,30,30,10,10,924
4,30,30,10,10,930
4,30,30,10,10,936
4,30,30,10,10,942
4,30,30,10,10,948
4,30,30,10,10,954
4,30,30,10,10,960
4,30,30,10,10,966
4,30,30,10,10,972
4,30,30,10,10,978
4,30,30,10,10,984
4,30,30,10,10,990
4,30,30,10,10,996
4,30,30,10,10,1002
4,30,30,10,10,1008
4,30,30,10,10,1014
4,30,30,10,10,1020
4,30,30,10,10,1026
4,30,30,10,10,1032
4,30,30,10,10,1038
4,30,30,10,10,1044
4,30,30,10,10,1050
4,30,30,10,10,1056
4,30,30,10,10,1062
4,30,30,10,10,1068
4,30,30,10,10,1074
4,30,30,10,10,1080
4,30,30,10,10,1086
4,30,30,10,10,1092
4,30,30,10,10,1098
4,30,30,10,10,1104
4,30,30,10,10,1110
4,30,30,10,10,1116
4,30,30,10,10,1122
4,30,30,10,10,1128
4,30,30,10,10,1134
4,30,30,10,10,1140
4,30,30,10,10,1146
4,30,30,10,10,1152
4,30,30,10,10,1158
4,30,30,10,10,1164
4,30,30,10,10,1170
4,30,30,10,10,1176
4,30,30,10,10,1182
4,30,30,10,10,1188
4,30,30,10,10,1194
4,30,30,10,10,1200
4,30,30,10,10,1206
4,30,30,10,10,1212
4,30,30,10,10,1218
4,30,30,10,10,1224
4,30,30,10,10,1230
4,30,30,10,10,1236
4,30,30,10,10,1242
4,30,30,10,10,1248
4,30,30,10,10,1254
4,30,30,10,10,1260
4,30,30,10,10,1266
4,30,30,10,10,1272
4,30,30,10,10,1278
4,30,30,10,10,1284
4,30,30,10,10,1290
4,30,30,10,10,1296
4,30,30,10,10,1302
4,30,30,10,10,1308
4,30,30,10,10,1314
4,30,30,10,10,1320
4,30,30,10,10,1326
4,30,30,10,10,1332
4,30,30,10,10,1338
4,30,30,10,10,1344
4,30,30,10,10,1350
4,30,30,10,10,1356
4,30,30,10,10,1362
4,30,30,10,10,1368
4,30,30,10,10,1374
4,30,30,10,10,1380
4,30,30,10,10,1386
4,30,30,10,10,1392
4,30,30,10,10,1398
4,30,30,10,10,1404
4,30,30,10,10,1410
4,30,30,10,10,1416
4,30,30,10,10,1422
4,30,30,10,10,1428
4,30,30,10,10,1434
4,30,30,10,10,1440
4,30,30,10,10,1446
4,30,30,10,10,1452
4,30,30,10,10,1458
4,30,30,10,10,1464
4,30,30,10,10,1470
4,30,30,10,10,1476
4,30,30,10,10,1482
4,30,30,10,10,1488
4,30,30,10,10,1494
4,30,30,10,10,1500
4,30,30,10,10,1506
4,30,30,10,10,1512
4,30,30,10,10,1518
4,30,30,10,10,1524
4,30,30,10,10,1530
4,30,30,10,10,1536
4,30,30,10,10,1542
4,30,30,10,10,1548
4,30,30,10,10,1554
4,30,30,10,10,1560
4,30,30,10,10,1566
4,30,30,10,10,1572
4,30,30,10,10,1578
4,30,30,10,10,1584
4,30,30,10,10,1590
4,30,30,10,10,1596
4,30,30,10,10,1600
5,20,20,10,10,0
5,20,20,10,10,2
5,20,20,10,10,4
5,20,20,10,10,6
5,20,20,10,10,8
5,20,20,10,10,10
5,20,20,10,10,12
5,20,20,10,10,14
5,20,20,10,10,16
5,20,20,10,10,18
5,20,20,10,10,20
5,20,20,10,10,22
5,20,20,10,10,24
5,20,20,10,10,26
5,20,20,10,10,28
5,20,20,10,10,30
5,20,20,10,10,32
5,20,20,10,10,34
5,20,20,10,10,36
5,20,20,10,10,38
5,20,20,10,10,40
5,20,20,10,10,42
5,20,20,10,10,44
5,20,20,10,10,46
5,20,20,10,10,48
5,20,20,10,10,50
5,20,20,10,10,52
5,20,20,10,10,54
5,20,20,10,10,56
5,20,20,10,10,58
5,20,20,10,10,60
5,20,20,10,10,62
5,20,20,10,10,64
5,20,20,10,10,66
5,20,20,10,10,68
5,20,20,10,10,70
5,20,20,10,10,72
5,20,20,10,10,74
5,20,20,10,10,76
5,20,20,10,10,78
5,20,20,10,10,80
5,20,20,10,10,82
5,20,20,10,10,84
5,20,20,10,10,86
5,20,20,10,10,88
5,20,20,10,10,90
5,20,20,10,10,92
5,20,20,10,10,94
5,20,20,10,10,96
5,20,20,10,10,98
5,20,20,10,10,100
5,20,20,10,10,102
5,20,20,10,10,104
5,20,20,10,10,106
5,20,20,10,10,108
5,20,20,10,10,110
5,20,20,10,10,112
5,20,20,10,10,114
5,20,20,10,10,116
5,20,20,10,10,118
5,20,20,10,10,120
5,20,20,10,10,122
5,20,20,10,10,124
5,20,20,10,10,126
5,20,20,10,10,128
5,20,20,10,10,130
5,20,20,10,10,132
5,20,20,10,10,134
5,20,20,10,10,136
5,20,20,10,10,138
5,20,20,10,10,140
5,20,20,10,10,142
5,20,20,10,10,144
5,20,20,10,10,146
5,20,20,10,10,148
5,20,20,10,10,150
5,20,20,10,10,152
5,20,20,10,10,154
5,20,20,10,10,156
5,20,20,10,10,158
5,20,20,10,10,160
5,20,20,10,10,162
5,20,20,10,10,164
5,20,20,10,10,166
5,20,20,10,10,168
5,20,20,10,10,170
5,20,20,10,10,172
5,20,20,10,10,174
5,20,20,10,10,176
5,20,20,10,10,178
5,20,20,10,10,180
5,20,20,10,10,182
5,20,20,10,10,184
5,20,20,10,10,186
5,20,20,10,10,188
5,20,20,10,10,190
5,20,20,10,10,192
5,20,20,10,10,194
5,20,20,10,10,196
5,20,20,10,10,198
5,20,20,10,10,200
5,20,20,10,10,202
5,20,20,10,10,204
5,20,20,10,10,206
5,20,20,10,10,208
5,20,20,10,10,210
5,20,20,10,10,212
5,20,20,10,10,214
5,20,20,10,10,216
5,20,20,10,10,218
5,20,20,10,10,220
5,20,20,10,10,222
5,20,20,10,10,224
5,20,20,10,10,226
5,20,20,10,10,228
5,20,20,10,10,230
5,20,20,10,10,231
5,20,20,10,10,232
5,20,20,10,10,233
5,20,20,10,10,234
5,20,20,10,10,235
5,20,20,10,10,236
5,20,20,10,10,237
5,20,20,10,10,238
5,20,20,10,10,239
5,20,20,10,10,240
5,20,20,10,10,241
5,20,20,10,10,242
5,20,20,10,10,243
5,20,20,10,10,244
5,20,20,10,10,245
5,20,20,10,10,246
5,20,20,10,10,247
5,20,20,10,10,248
5,20,20,10,10,249
5,20,20,10,10,250
5,20,20,10,10,251
5,20,20,10,10,252
5,20,20,10,10,253
5,20,20,10,10,254
5,20,20,10,10,255
5,20,20,10,10,256
5,20,20,10,10,257
5,20,20,10,10,258
5,20,20,10,10,259
5,20,20,10,10,260
5,20,20,10,10,261
5,20,20,10,10,262
5,20,20,10,10,263
5,20,20,10,10,264
5,20,20,10,10,265
5,20,20,10,10,266
5,20,20,10,10,267
5,20,20,10,10,268
5,20,20,10,10,269
5,20,20,10,10,270
5,20,20,10,10,271
5,20,20,10,10,272
5,20,20,10,10,273
5,20,20,10,10,274
5,20,20,10,10,275
5,20,20,10,10,276
5,20,20,10,10,277
5,20,20,10,10,278
5,20,20,10,10,279
5,20,20,10,10,280
5,20,20,10,10,281
5,20,20,10,10,282
5,20,20,10,10,283
5,20,20,10,10,284
5,20,20,10,10,285
5,20,20,10,10,286
5,20,20,10,10,287
5,20,20,10,10,288
5,20,20,10,10,289
5,20,20,10,10,290
5,20,20,10,10,291
5,20,20,10,10,292
5,20,20,10,10,293
5,20,20,10,10,294
5,20,20,10,10,295
5,20,20,10,10,296
5,20,20,10,10,297
5,20,20,10,10,298
5,20,20,10,10,299
5,20,20,10,10,300
5,20,20,10,10,301
5,20,20,10,10,302
5,20,20,10,10,303
5,20,20,10,10,304
5,20,20,10,10,305
5,20,20,10,10,306
5,20,20,10,10,307
5,20,20,10,10,308
5,20,20,10,10,309
5,20,20,10,10,310
5,20,20,10,10,311
5,20,20,10,10,312
5,20,20,10,10,313
5,20,20,10,10,314
5,20,20,10,10,315
5,20,20,10,10,316
5,20,20,10,10,317
5,20,20,10,10,318
5,20,20,10,10,319
5,20,20,10,10,320
5,20,20,10,10,321
5,20,20,10,10,322
5,20,20,10,10,323
5,20,20,10,10,324
5,20,20,10,10,325
5,20,20,10,10,326
5,20,20,10,10,328
5,20,20,10,10,330
5,20,20,10,10,332
5,20,20,10,10,334
5,20,20,10,10,336
5,20,20,10,10,338
5,20,20,10,10,340
5,20,20,10,10,342
5,20,20,10,10,344
5,20,20,10,10,346
5,20,20,10,10,348
5,20,20,10,10,350
5,20,20,10,10,352
5,20,20,10,10,354
5,20,20,10,10,356
5,20,20,10,10,358
5,20,20,10,10,360
5,20,20,10,10,362
5,20,20,10,10,364
5,20,20,10,10,366
5,20,20,10,10,368
5,20,20,10,10,370
5,20,20,10,10,372
5,20,20,10,10,374
5,20,20,10,10,376
5,20,20,10,10,378
5,20,20,10,10,380
5,20,20,10,10,382
5,20,20,10,10,384
5,20,20,10,10,386
5,20,20,10,10,388
5,20,20,10,10,390
5,20,20,10,10,392
5,20,20,10,10,394
5,20,20,10,10,396
5,20,20,10,10,398
5,20,20,10,10,400
5,20,20,10,10,402
5,20,20,10,10,404
5,20,20,10,10,406
5,20,20,10,10,408
5,20,20,10,10,410
5,20,20,10,10,412
5,20,20,10,10,414
5,20,20,10,10,416
5,20,20,10,10,418
5,20,20,10,10,420
5,20,20,10,10,422
5,20,20,10,10,424
5,20,20,10,10,426
5,20,20,10,10,428
5,20,20,10,10,430
5,20,20,10,10,432
5,20,20,10,10,434
5,20,20,10,10,436
5,20,20,10,10,438
5,20,20,10,10,440
5,20,20,10,10,442
5,20,20,10,10,444
5,20,20,10,10,446
5,20,20,10,10,448
5,20,20,10,10,450
5,20,20,10,10,452
5,20,20,10,10,454
5,20,20,10,10,456
5,20,20,10,10,458
5,20,20,10,10,460
5,20,20,10,10,462
5,20,20,10,10,464
5,20,20,10,10,466
5,20,20,10,10,468
5,20,20,10,10,470
5,20,20,10,10,472
5,20,20,10,10,474
5,20,20,10,10,476
5,20,20,10,10,478
5,20,20,10,10,480
5,20,20,10,10,482
5,20,20,10,10,484
5,20,20,10,10,486
5,20,20,10,10,488
5,20,20,10,10,490
5,20,20,10,10,492
5,20,20,10,10,494
5,20,20,10,10,496
5,20,20,10,10,498
5,20,20,10,10,500
5,20,20,10,10,502
5,20,20,10,10,504
5,20,20,10,10,506
5,20,20,10,10,508
5,20,20,10,10,510
5,20,20,10,10,512
5,20,20,10,10,514
5,20,20,10,10,516
5,20,20,10,10,518
5,20,20,10,10,520
5,20,20,10,10,522
5,20,20,10,10,524
5,20,20,10,10,526
5,20,20,10,10,528
5,20,20,10,10,530
5,20,20,10,10,532
5,20,20,10,10,534
5,20,20,10,10,536
5,20,20,10,10,538
5,20,20,10,10,540
5,20,20,10,10,542
5,20,20,10,10,544
5,20,20,10,10,546
5,20,20,10,10,548
5,20,20,10,10,550
5,20,20,10,10,552
5,20,20,10,10,554
5,20,20,10,10,556
5,20,20,10,10,558
5,20,20,10,10,560
5,20,20,10,10,562
5,20,20,10,10,564
5,20,20,10,10,566
5,20,20,10,10,568
5,20,20,10,10,570
5,20,20,10,10,572
5,20,20,10,10,574
5,20,20,10,10,576
5,20,20,10,10,578
5,20,20,10,10,580
5,20,20,10,10,582
5,20,20,10,10,584
5,20,20,10,10,586
5,20,20,10,10,588
5,20,20,10,10,590
5,20,20,10,10,592
5,20,20,10,10,594
5,20,20,10,10,596
5,20,20,10,10,598
5,20,20,10,10,600
6,60,60,50,50,0
6,60,60,50,50,9
6,60,60,50,50,18
6,60,60,50,50,27
6,60,60,50,50,36
6,60,60,50,50,45
6,60,60,50,50,54
6,60,60,50,50,63
6,60,60,50,50,72
6,60,60,50,50,81
6,60,60,50,50,90
6,60,60,50,50,99
6,60,60,50,50,108
6,60,60,50,50,117
6,60,60,50,50,126
6,60,60,50,50,135
6,60,60,50,50,144
6,60,60,50,50,153
6,60,60,50,50,162
6,60,60,50,50,171
6,60,60,50,50,180
6,60,60,50,50,189
6,60,60,50,50,198
6,60,60,50,50,207
6,60,60,50,50,216
6,60,60,50,50,225
6,60,60,50,50,234
6,60,60,50,50,243
6,60,60,50,50,252
6,60,60,50,50,261
6,60,60,50,50,270
6,60,60,50,50,279
6,60,60,50,50,288
6,60,60,50,50,297
6,60,60,50,50,306
6,60,60,50,50,315
6,60,60,50,50,324
6,60,60,50,50,333
6,60,60,50,50,342
6,60,60,50,50,351
6,60,60,50,50,360
6,60,60,50,50,369
6,60,60,50,50,378
6,60,60,50,50,387
6,60,60,50,50,396
6,60,60,50,50,405
6,60,60,50,50,414
6,60,60,50,50,423
6,60,60,50,50,432
6,60,60,50,50,441
6,60,60,50,50,450
6,60,60,50,50,459
6,60,60,50,50,468
6,60,60,50,50,477
6,60,60,50,50,486
6,60,60,50,50,495
6,60,60,50,50,504
6,60,60,50,50,513
6,60,60,50,50,522
6,60,60,50,50,531
6,60,60,50,50,540
6,60,60,50,50,549
6,60,60,50,50,558
6,60,60,50,50,567
6,60,60,50,50,576
6,60,60,50,50,585
6,60,60,50,50,594
6,60,60,50,50,603
6,60,60,50,50,612
6,60,60,50,50,615
6,60,60,50,50,616
6,60,60,50,50,617
6,60,60,50,50,618
6,60,60,50,50,619
6,60,60,50,50,620
6,60,60,50,50,621
6,60,60,50,50,622
6,60,60,50,50,623
6,60,60,50,50,624
6,60,60,50,50,625
6,60,60,50,50,626
6,60,60,50,50,627
6,60,60,50,50,628
6,60,60,50,50,629
6,60,60,50,50,630
6,60,60,50,50,631
6,60,60,50,50,632
6,60,60,50,50,633
6,60,60,50,50,634
6,60,60,50,50,635
6,60,60,50,50,636
6,60,60,50,50,637
6,60,60,50,50,638
6,60,60,50,50,639
6,60,60,50,50,640
6,60,60,50,50,641
6,60,60,50,50,642
6,60,60,50,50,643
6,60,60,50,50,644
6,60,60,50,50,645
6,60,60,50,50,646
6,60,60,50,50,647
6,60,60,50,50,648
6,60,60,50,50,649
6,60,60,50,50,650
6,60,60,50,50,651
6,60,60,50,50,652
6,60,60,50,50,653
6,60,60,50,50,654
6,60,60,50,50,655
6,60,60,50,50,656
6,60,60,50,50,657
6,60,60,50,50,658
6,60,60,50,50,659
6,60,60,50,50,660
6,60,60,50,50,661
6,60,60,50,50,662
6,60,60,50,50,663
6,60,60,50,50,664
6,60,60,50,50,665
6,60,60,50,50,666
6,60,60,50,50,675
6,60,60,50,50,684
6,60,60,50,50,693
6,60,60,50,50,702
6,60,60,50,50,711
6,60,60,50,50,720
6,60,60,50,50,729
6,60,60,50,50,738
6,60,60,50,50,747
6,60,60,50,50,756
6,60,60,50,50,765
6,60,60,50,50,774
6,60,60,50,50,783
6,60,60,50,50,792
6,60,60,50,50,801
6,60,60,50,50,810
6,60,60,50,50,819
6,60,60,50,50,828
6,60,60,50,50,837
6,60,60,50,50,846
6,60,60,50,50,855
6,60,60,50,50,864
6,60,60,50,50,873
6,60,60,50,50,882
6,60,60,50,50,891
6,60,60,50,50,900
6,60,60,50,50,909
6,60,60,50,50,918
6,60,60,50,50,927
6,60,60,50,50,936
6,60,60,50,50,945
6,60,60,50,50,954
6,60,60,50,50,963
6,60,60,50,50,972
6,60,60,50,50,981
6,60,60,50,50,990
6,60,60,50,50,999
6,60,60,50,50,1008
6,60,60,50,50,1017
6,60,60,50,50,1026
6,60,60,50,50,1035
6,60,60,50,50,1044
6,60,60,50,50,1053
6,60,60,50,50,1062
6,60,60,50,50,1071
6,60,60,50,50,1075
6,60,60,50,50,1076
6,60,60,50,50,1077
6,60,60,50,50,1078
6,60,60,50,50,1079
6,60,60,50,50,1080
6,60,60,50,50,1081
6,60,60,50,50,1082
6,60,60,50,50,1083
6,60,60,50,50,1084
6,60,60,50,50,1085
6,60,60,50,50,1086
6,60,60,50,50,1087
6,60,60,50,50,1088
6,60,60,50,50,1089
6,60,60,50,50,1090
6,60,60,50,50,1091
6,60,60,50,50,1092
6,60,60,50,50,1093
6,60,60,50,50,1094
6,60,60,50,50,1095
6,60,60,50,50,1096
6,60,60,50,50,1097
6,60,60,50,50,1098
6,60,60,50,50,1099
6,60,60,50,50,1100
6,60,60,50,50,1101
6,60,60,50,50,1102
6,60,60,50,50,1103
6,60,60,50,50,1104
6,60,60,50,50,1105
6,60,60,50,50,1106
6,60,60,50,50,1107
6,60,60,50,50,1108
6,60,60,50,50,1109
6,60,60,50,50,1110
6,60,60,50,50,1111
6,60,60,50,50,1112
6,60,60,50,50,1113
6,60,60,50,50,1114
6,60,60,50,50,1115
6,60,60,50,50,1116
6,60,60,50,50,1117
6,60,60,50,50,1118
6,60,60,50,50,1119
6,60,60,50,50,1120
6,60,60,50,50,1121
6,60,60,50,50,1122
6,60,60,50,50,1123
6,60,60,50,50,1124
6,60,60,50,50,1125
6,60,60,50,50,1134
6,60,60,50,50,1143
6,60,60,50,50,1152
6,60,60,50,50,1161
6,60,60,50,50,1170
6,60,60,50,50,1179
6,60,60,50,50,1188
6,60,60,50,50,1197
6,60,60,50,50,1206
6,60,60,50,50,1215
6,60,60,50,50,1224
6,60,60,50,50,1233
6,60,60,50,50,1242
6,60,60,50,50,1251
6,60,60,50,50,1260
6,60,60,50,50,1269
6,60,60,50,50,1278
6,60,60,50,50,1287
6,60,60,50,50,1296
6,60,60,50,50,1305
6,60,60,50,50,1314
6,60,60,50,50,1323
6,60,60,50,50,1332
6,60,60,50,50,1341
6,60,60,50,50,1350
6,60,60,50,50,1359
6,60,60,50,50,1368
6,60,60,50,50,1377
6,60,60,50,50,1386
6,60,60,50,50,1395
6,60,60,50,50,1404
6,60,60,50,50,1413
6,60,60,50,50,1422
6,60,60,50,50,1431
6,60,60,50,50,1440
6,60,60,50,50,1449
6,60,60,50,50,1458
6,60,60,50,50,1467
6,60,60,50,50,1476
6,60,60,50,50,1485
6,60,60,50,50,1494
6,60,60,50,50,1503
6,60,60,50,50,1512
6,60,60,50,50,1521
6,60,60,50,50,1530
6,60,60,50,50,1539
6,60,60,50,50,1548
6,60,60,50,50,1557
6,60,60,50,50,1566
6,60,60,50,50,1575
6,60,60,50,50,1584
6,60,60,50,50,1593
6,60,60,50,50,1602
6,60,60,50,50,1611
6,60,60,50,50,1620
6,60,60,50,50,1629
6,60,60,50,50,1638
6,60,60,50,50,1647
6,60,60,50,50,1656
6,60,60,50,50,1665
6,60,60,50,50,1674
6,60,60,50,50,1683
6,60,60,50,50,1692
6,60,60,50,50,1701
6,60,60,50,50,1710
6,60,60,50,50,1719
6,60,60,50,50,1728
6,60,60,50,50,1737
6,60,60,50,50,1746
6,60,60,50,50,1755
6,60,60,50,50,1764
6,60,60,50,50,1773
6,60,60,50,50,1782
6,60,60,50,50,1791
6,60,60,50,50,1800
6,60,60,50,50,1809
6,60,60,50,50,1818
6,60,60,50,50,1827
6,60,60,50,50,1836
6,60,60,50,50,1845
6,60,60,50,50,1854
6,60,60,50,50,1863
6,60,60,50,50,1872
6,60,60,50,50,1881
6,60,60,50,50,1890
6,60,60,50,50,1899
6,60,60,50,50,1908
6,60,60,50,50,1917
6,60,60,50,50,1926
6,60,60,50,50,1935
6,60,60,50,50,1944
6,60,60,50,50,1953
6,60,60,50,50,1962
6,60,60,50,50,1971
6,60,60,50,50,1980
6,60,60,50,50,1989
6,60,60,50,50,1998
6,60,60,50,50,2007
6,60,60,50,50,2016
6,60,60,50,50,2025
6,60,60,50,50,2034
6,60,60,50,50,2043
6,60,60,50,50,2052
6,60,60,50,50,2061
6,60,60,50,50,2070
6,60,60,50,50,2079
6,60,60,50,50,2088
6,60,60,50,50,2097
6,60,60,50,50,2106
6,60,60,50,50,2115
6,60,60,50,50,2124
6,60,60,50,50,2133
6,60,60,50,50,2142
6,60,60,50,50,2151
6,60,60,50,50,2160
6,60,60,50,50,2169
6,60,60,50,50,2178
6,60,60,50,50,2187
6,60,60,50,50,2196
6,60,60,50,50,2200
7,100,10,30,30,0
7,100,10,30,30,1
7,100,10,30,30,2
7,100,10,30,30,3
7,100,10,30,30,4
7,100,10,30,30,5
7,100,10,30,30,6
7,100,10,30,30,7
7,100,10,30,30,8
7,100,10,30,30,9
7,100,10,30,30,10
7,100,10,30,30,11
7,100,10,30,30,12
7,100,10,30,30,13
7,100,10,30,30,14
7,100,10,30,30,15
7,100,10,30,30,16
7,100,10,30,30,17
7,100,10,30,30,18
7,100,10,30,30,19
7,100,10,30,30,20
7,100,10,30,30,21
7,100,10,30,30,22
7,100,10,30,30,23
7,100,10,30,30,24
7,100,10,30,30,25
7,100,10,30,30,26
7,100,10,30,30,27
7,100,10,30,30,28
7,100,10,30,30,29
7,100,10,30,30,30
7,100,10,30,30,31
7,100,10,30,30,32
7,100,10,30,30,33
7,100,10,30,30,34
7,100,10,30,30,35
7,100,10,30,30,36
7,100,10,30,30,37
7,100,10,30,30,38
7,100,10,30,30,39
7,100,10,30,30,40
7,100,10,30,30,41
7,100,10,30,30,42
7,100,10,30,30,43
7,100,10,30,30,44
7,100,10,30,30,45
7,100,10,30,30,46
7,100,10,30,30,47
7,100,10,30,30,48
7,100,10,30,30,49
7,100,10,30,30,50
7,100,10,30,30,51
7,100,10,30,30,52
7,100,10,30,30,53
7,100,10,30,30,54
7,100,10,30,30,55
7,100,10,30,30,56
7,100,10,30,30,57
7,100,10,30,30,58
7,100,10,30,30,59
7,100,10,30,30,60
7,100,10,30,30,61
7,100,10,30,30,62
7,100,10,30,30,63
7,100,10,30,30,64
7,100,10,30,30,65
7,100,10,30,30,66
7,100,10,30,30,67
7,100,10,30,30,68
7,100,10,30,30,69
7,100,10,30,30,70
7,100,10,30,30,71
7,100,10,30,30,72
7,100,10,30,30,73
7,100,10,30,30,74
7,100,10,30,30,75
7,100,10,30,30,76
7,100,10,30,30,77
7,100,10,30,30,78
7,100,10,30,30,79
7,100,10,30,30,80
7,100,10,30,30,81
7,100,10,30,30,82
7,100,10,30,30,83
7,100,10,30,30,84
7,100,10,30,30,85
7,100,10,30,30,86
7,100,10,30,30,87
7,100,10,30,30,88
7,100,10,30,30,89
7,100,10,30,30,90
7,100,10,30,30,91
7,100,10,30,30,92
7,100,10,30,30,93
7,100,10,30,30,94
7,100,10,30,30,95
7,100,10,30,30,96
7,100,10,30,30,97
7,100,10,30,30,98
7,100,10,30,30,99
7,100,10,30,30,100
7,100,10,30,30,101
7,100,10,30,30,102
7,100,10,30,30,103
7,100,10,30,30,104
7,100,10,30,30,105
7,100,10,30,30,106
7,100,10,30,30,107
7,100,10,30,30,108
7,100,10,30,30,109
7,100,10,30,30,110
7,100,10,30,30,111
7,100,10,30,30,112
7,100,10,30,30,113
7,100,10,30,30,114
7,100,10,30,30,115
7,100,10,30,30,116
7,100,10,30,30,117
7,100,10,30,30,118
7,100,10,30,30,119
7,100,10,30,30,120
7,100,10,30,30,121
7,100,10,30,30,122
7,100,10,30,30,123
7,100,10,30,30,124
7,100,10,30,30,125
7,100,10,30,30,126
7,100,10,30,30,127
7,100,10,30,30,128
7,100,10,30,30,129
7,100,10,30,30,130
7,100,10,30,30,131
7,100,10,30,30,132
7,100,10,30,30,133
7,100,10,30,30,134
7,100,10,30,30,135
7,100,10,30,30,136
7,100,10,30,30,137
7,100,10,30,30,138
7,100,10,30,30,139
7,100,10,30,30,140
7,100,10,30,30,141
7,100,10,30,30,142
7,100,10,30,30,143
7,100,10,30,30,144
7,100,10,30,30,145
7,100,10,30,30,146
7,100,10,30,30,147
7,100,10,30,30,148
7,100,10,30,30,149
7,100,10,30,30,150
7,100,10,30,30,151
7,100,10,30,30,152
7,100,10,30,30,153
7,100,10,30,30,154
7,100,10,30,30,155
7,100,10,30,30,156
7,100,10,30,30,157
7,100,10,30,30,158
7,100,10,30,30,159
7,100,10,30,30,160
7,100,10,30,30,161
7,100,10,30,30,162
7,100,10,30,30,163
7,100,10,30,30,164
7,100,10,30,30,165
7,100,10,30,30,166
7,100,10,30,30,167
7,100,10,30,30,168
7,100,10,30,30,169
7,100,10,30,30,170
7,100,10,30,30,171
7,100,10,30,30,172
7,100,10,30,30,173
7,100,10,30,30,174
7,100,10,30,30,175
7,100,10,30,30,176
7,100,10,30,30,177
7,100,10,30,30,178
7,100,10,30,30,179
7,100,10,30,30,180
7,100,10,30,30,181
7,100,10,30,30,182
7,100,10,30,30,183
7,100,10,30,30,184
7,100,10,30,30,185
7,100,10,30,30,186
7,100,10,30,30,187
7,100,10,30,30,188
7,100,10,30,30,189
7,100,10,30,30,190
7,100,10,30,30,191
7,100,10,30,30,192
7,100,10,30,30,193
7,100,10,30,30,194
7,100,10,30,30,195
7,100,10,30,30,196
7,100,10,30,30,197
7,100,10,30,30,198
7,100,10,30,30,199
7,100,10,30,30,200
7,100,10,30,30,201
7,100,10,30,30,202
7,100,10,30,30,203
7,100,10,30,30,204
7,100,10,30,30,205
7,100,10,30,30,206
7,100,10,30,30,207
7,100,10,30,30,208
7,100,10,30,30,209
7,100,10,30,30,210
7,100,10,30,30,211
7,100,10,30,30,212
7,100,10,30,30,213
7,100,10,30,30,214
7,100,10,30,30,215
7,100,10,30,30,216
7,100,10,30,30,217
7,100,10,30,30,218
7,100,10,30,30,219
7,100,10,30,30,220
7,100,10,30,30,221
7,100,10,30,30,222
7,100,10,30,30,223
7,100,10,30,30,224
7,100,10,30,30,225
7,100,10,30,30,226
7,100,10,30,30,227
7,100,10,30,30,228
7,100,10,30,30,229
7,100,10,30,30,230
7,100,10,30,30,231
7,100,10,30,30,232
7,100,10,30,30,233
7,100,10,30,30,234
7,100,10,30,30,235
7,100,10,30,30,236
7,100,10,30,30,237
7,100,10,30,30,238
7,100,10,30,30,239
7,100,10,30,30,240
7,100,10,30,30,241
7,100,10,30,30,242
7,100,10,30,30,243
7,100,10,30,30,244
7,100,10,30,30,245
7,100,10,30,30,246
7,100,10,30,30,247
7,100,10,30,30,248
7,100,10,30,30,249
7,100,10,30,30,250
7,100,10,30,30,251
7,100,10,30,30,252
7,100,10,30,30,253
7,100,10,30,30,254
7,100,10,30,30,255
7,100,10,30,30,256
7,100,10,30,30,257
7,100,10,30,30,258
7,100,10,30,30,259
7,100,10,30,30,260
7,100,10,30,30,261
7,100,10,30,30,262
7,100,10,30,30,263
7,100,10,30,30,264
7,100,10,30,30,265
7,100,10,30,30,266
7,100,10,30,30,267
7,100,10,30,30,268
7,100,10,30,30,269
7,100,10,30,30,270
7,100,10,30,30,271
7,100,10,30,30,272
7,100,10,30,30,273
7,100,10,30,30,274
7,100,10,30,30,275
7,100,10,30,30,276
7,100,10,30,30,277
7,100,10,30,30,278
7,100,10,30,30,279
7,100,10,30,30,280
7,100,10,30,30,281
7,100,10,30,30,282
7,100,10,30,30,283
7,100,10,30,30,284
7,100,10,30,30,285
7,100,10,30,30,286
7,100,10,30,30,287
7,100,10,30,30,288
7,100,10,30,30,289
7,100,10,30,30,290
7,100,10,30,30,291
7,100,10,30,30,292
7,100,10,30,30,293
7,100,10,30,30,294
7,100,10,30,30,295
7,100,10,30,30,296
7,100,10,30,30,297
7,100,10,30,30,298
7,100,10,30,30,299
7,100,10,30,30,300
8,45,45,15,15,0
8,45,45,15,15,15
8,45,45,15,15,30
8,45,45,15,15,45
8,45,45,15,15,60
8,45,45,15,15,75
8,45,45,15,15,90
8,45,45,15,15,105
8,45,45,15,15,120
8,45,45,15,15,135
8,45,45,15,15,150
8,45,45,15,15,165
8,45,45,15,15,180
8,45,45,15,15,195
8,45,45,15,15,210
8,45,45,15,15,225
8,45,45,15,15,240
8,45,45,15,15,255
8,45,45,15,15,270
8,45,45,15,15,285
8,45,45,15,15,300
8,45,45,15,15,315
8,45,45,15,15,330
8,45,45,15,15,345
8,45,45,15,15,360
8,45,45,15,15,375
8,45,45,15,15,390
8,45,45,15,15,405
8,45,45,15,15,420
8,45,45,15,15,435
8,45,45,15,15,450
8,45,45,15,15,465
8,45,45,15,15,480
8,45,45,15,15,495
8,45,45,15,15,510
8,45,45,15,15,525
8,45,45,15,15,540
8,45,45,15,15,555
8,45,45,15,15,570
8,45,45,15,15,585
8,45,45,15,15,600
8,45,45,15,15,615
8,45,45,15,15,630
8,45,45,15,15,645
8,45,45,15,15,660
8,45,45,15,15,675
8,45,45,15,15,690
8,45,45,15,15,705
8,45,45,15,15,720
8,45,45,15,15,735
8,45,45,15,15,750
8,45,45,15,15,765
8,45,45,15,15,780
8,45,45,15,15,795
8,45,45,15,15,810
8,45,45,15,15,825
8,45,45,15,15,840
8,45,45,15,15,855
8,45,45,15,15,870
8,45,45,15,15,885
8,45,45,15,15,900
8,45,45,15,15,915
8,45,45,15,15,930
8,45,45,15,15,945
8,45,45,15,15,960
8,45,45,15,15,975
8,45,45,15,15,990
8,45,45,15,15,1005
8,45,45,15,15,1020
8,45,45,15,15,1035
8,45,45,15,15,1050
8,45,45,15,15,1065
8,45,45,15,15,1080
8,45,45,15,15,1095
8,45,45,15,15,1110
8,45,45,15,15,1125
8,45,45,15,15,1140
8,45,45,15,15,1155
8,45,45,15,15,1170
8,45,45,15,15,1185
8,45,45,15,15,1200
8,45,45,15,15,1215
8,45,45,15,15,1230
8,45,45,15,15,1245
8,45,45,15,15,1255
8,45,45,15,15,1256
8,45,45,15,15,1257
8,45,45,15,15,1258
8,45,45,15,15,1259
8,45,45,15,15,1260
8,45,45,15,15,1261
8,45,45,15,15,1262
8,45,45,15,15,1263
8,45,45,15,15,1264
8,45,45,15,15,1265
8,45,45,15,15,1266
8,45,45,15,15,1267
8,45,45,15,15,1268
8,45,45,15,15,1269
8,45,45,15,15,1270
8,45,45,15,15,1271
8,45,45,15,15,1272
8,45,45,15,15,1273
8,45,45,15,15,1274
8,45,45,15,15,1275
8,45,45,15,15,1276
8,45,45,15,15,1277
8,45,45,15,15,1278
8,45,45,15,15,1279
8,45,45,15,15,1280
8,45,45,15,15,1281
8,45,45,15,15,1282
8,45,45,15,15,1283
8,45,45,15,15,1284
8,45,45,15,15,1285
8,45,45,15,15,1286
8,45,45,15,15,1287
8,45,45,15,15,1288
8,45,45,15,15,1289
8,45,45,15,15,1290
8,45,45,15,15,1291
8,45,45,15,15,1292
8,45,45,15,15,1293
8,45,45,15,15,1294
8,45,45,15,15,1295
8,45,45,15,15,1296
8,45,45,15,15,1297
8,45,45,15,15,1298
8,45,45,15,15,1299
8,45,45,15,15,1300
8,45,45,15,15,1301
8,45,45,15,15,1302
8,45,45,15,15,1303
8,45,45,15,15,1304
8,45,45,15,15,1305
8,45,45,15,15,1320
8,45,45,15,15,1335
8,45,45,15,15,1350
8,45,45,15,15,1365
8,45,45,15,15,1380
8,45,45,15,15,1395
8,45,45,15,15,1410
8,45,45,15,15,1425
8,45,45,15,15,1440
8,45,45,15,15,1455
8,45,45,15,15,1470
8,45,45,15,15,1485
8,45,45,15,15,1500
8,45,45,15,15,1515
8,45,45,15,15,1530
8,45,45,15,15,1545
8,45,45,15,15,1560
8,45,45,15,15,1575
8,45,45,15,15,1590
8,45,45,15,15,1605
8,45,45,15,15,1620
8,45,45,15,15,1635
8,45,45,15,15,1650
8,45,45,15,15,1665
8,45,45,15,15,1680
8,45,45,15,15,1695
8,45,45,15,15,1710
8,45,45,15,15,1725
8,45,45,15,15,1740
8,45,45,15,15,1755
8,45,45,15,15,1770
8,45,45,15,15,1775
8,45,45,15,15,1776
8,45,45,15,15,1777
8,45,45,15,15,1778
8,45,45,15,15,1779
8,45,45,15,15,1780
8,45,45,15,15,1781
8,45,45,15,15,1782
8,45,45,15,15,1783
8,45,45,15,15,1784
8,45,45,15,15,1785
8,45,45,15,15,1786
8,45,45,15,15,1787
8,45,45,15,15,1788
8,45,45,15,15,1789
8,45,45,15,15,1790
8,45,45,15,15,1791
8,45,45,15,15,1792
8,45,45,15,15,1793
8,45,45,15,15,1794
8,45,45,15,15,1795
8,45,45,15,15,1796
8,45,45,15,15,1797
8,45,45,15,15,1798
8,45,45,15,15,1799
8,45,45,15,15,1800
8,45,45,15,15,1801
8,45,45,15,15,1802
8,45,45,15,15,1803
8,45,45,15,15,1804
8,45,45,15,15,1805
8,45,45,15,15,1806
8,45,45,15,15,1807
8,45,45,15,15,1808
8,45,45,15,15,1809
8,45,45,15,15,1810
8,45,45,15,15,1811
8,45,45,15,15,1812
8,45,45,15,15,1813
8,45,45,15,15,1814
8,45,45,15,15,1815
8,45,45,15,15,1816
8,45,45,15,15,1817
8,45,45,15,15,1818
8,45,45,15,15,1819
8,45,45,15,15,1820
8,45,45,15,15,1821
8,45,45,15,15,1822
8,45,45,15,15,1823
8,45,45,15,15,1824
8,45,45,15,15,1825
8,45,45,15,15,1830
8,45,45,15,15,1845
8,45,45,15,15,1860
8,45,45,15,15,1875
8,45,45,15,15,1890
8,45,45,15,15,1905
8,45,45,15,15,1920
8,45,45,15,15,1935
8,45,45,15,15,1950
8,45,45,15,15,1965
8,45,45,15,15,1980
8,45,45,15,15,1995
8,45,45,15,15,2010
8,45,45,15,15,2025
8,45,45,15,15,2040
8,45,45,15,15,2055
8,45,45,15,15,2070
8,45,45,15,15,2085
8,45,45,15,15,2100
8,45,45,15,15,2115
8,45,45,15,15,2130
8,45,45,15,15,2145
8,45,45,15,15,2160
8,45,45,15,15,2175
8,45,45,15,15,2190
8,45,45,15,15,2205
8,45,45,15,15,2220
8,45,45,15,15,2235
8,45,45,15,15,2250
8,45,45,15,15,2265
8,45,45,15,15,2280
8,45,45,15,15,2295
8,45,45,15,15,2310
8,45,45,15,15,2325
8,45,45,15,15,2340
8,45,45,15,15,2355
8,45,45,15,15,2370
8,45,45,15,15,2385
8,45,45,15,15,2400
8,45,45,15,15,2415
8,45,45,15,15,2430
8,45,45,15,15,2445
8,45,45,15,15,2460
8,45,45,15,15,2475
8,45,45,15,15,2490
8,45,45,15,15,2505
8,45,45,15,15,2520
8,45,45,15,15,2535
8,45,45,15,15,2550
8,45,45,15,15,2565
8,45,45,15,15,2580
8,45,45,15,15,2595
8,45,45,15,15,2610
8,45,45,15,15,2625
8,45,45,15,15,2640
8,45,45,15,15,2655
8,45,45,15,15,2670
8,45,45,15,15,2685
8,45,45,15,15,2700
8,45,45,15,15,2715
8,45,45,15,15,2730
8,45,45,15,15,2745
8,45,45,15,15,2760
8,45,45,15,15,2775
8,45,45,15,15,2790
8,45,45,15,15,2805
8,45,45,15,15,2820
8,45,45,15,15,2835
8,45,45,15,15,2850
8,45,45,15,15,2865
8,45,45,15,15,2880
8,45,45,15,15,2895
8,45,45,15,15,2910
8,45,45,15,15,2925
8,45,45,15,15,2940
8,45,45,15,15,2955
8,45,45,15,15,2970
8,45,45,15,15,2985
8,45,45,15,15,3000
8,45,45,15,15,3015
8,45,45,15,15,3030
8,45,45,15,15,3045
8,45,45,15,15,3060
8,45,45,15,15,3075
8,45,45,15,15,3090
8,45,45,15,15,3105
8,45,45,15,15,3120
8,45,45,15,15,3135
8,45,45,15,15,3150
8,45,45,15,15,3165
8,45,45,15,15,3180
8,45,45,15,15,3195
8,45,45,15,15,3210
8,45,45,15,15,3225
8,45,45,15,15,3240
8,45,45,15,15,3255
8,45,45,15,15,3270
8,45,45,15,15,3285
8,45,45,15,15,3300
8,45,45,15,15,3315
8,45,45,15,15,3330
8,45,45,15,15,3345
8,45,45,15,15,3360
8,45,45,15,15,3375
8,45,45,15,15,3390
8,45,45,15,15,3405
8,45,45,15,15,3420
8,45,45,15,15,3435
8,45,45,15,15,3450
8,45,45,15,15,3465
8,45,45,15,15,3480
8,45,45,15,15,3495
8,45,45,15,15,3510
8,45,45,15,15,3525
8,45,45,15,15,3540
8,45,45,15,15,3555
8,45,45,15,15,3570
8,45,45,15,15,3585
8,45,45,15,15,3600
9,12,12,4,4,0
9,12,12,4,4,1
9,12,12,4,4,2
9,12,12,4,4,3
9,12,12,4,4,4
9,12,12,4,4,5
9,12,12,4,4,6
9,12,12,4,4,7
9,12,12,4,4,8
9,12,12,4,4,9
9,12,12,4,4,10
9,12,12,4,4,11
9,12,12,4,4,12
9,12,12,4,4,13
9,12,12,4,4,14
9,12,12,4,4,15
9,12,12,4,4,16
9,12,12,4,4,17
9,12,12,4,4,18
9,12,12,4,4,19
9,12,12,4,4,20
9,12,12,4,4,21
9,12,12,4,4,22
9,12,12,4,4,23
9,12,12,4,4,24
9,12,12,4,4,25
9,12,12,4,4,26
9,12,12,4,4,27
9,12,12,4,4,28
9,12,12,4,4,29
9,12,12,4,4,30
9,12,12,4,4,31
9,12,12,4,4,32
9,12,12,4,4,33
9,12,12,4,4,34
9,12,12,4,4,35
9,12,12,4,4,36
9,12,12,4,4,37
9,12,12,4,4,38
9,12,12,4,4,39
9,12,12,4,4,40
9,12,12,4,4,41
9,12,12,4,4,42
9,12,12,4,4,43
9,12,12,4,4,44
9,12,12,4,4,45
9,12,12,4,4,46
9,12,12,4,4,47
9,12,12,4,4,48
9,12,12,4,4,49
9,12,12,4,4,50
9,12,12,4,4,51
9,12,12,4,4,52
9,12,12,4,4,53
9,12,12,4,4,54
9,12,12,4,4,55
9,12,12,4,4,56
9,12,12,4,4,57
9,12,12,4,4,58
9,12,12,4,4,59
9,12,12,4,4,60
9,12,12,4,4,61
9,12,12,4,4,62
9,12,12,4,4,63
9,12,12,4,4,64
9,12,12,4,4,65
9,12,12,4,4,66
9,12,12,4,4,67
9,12,12,4,4,68
9,12,12,4,4,69
9,12,12,4,4,70
9,12,12,4,4,71
9,12,12,4,4,72
9,12,12,4,4,73
9,12,12,4,4,74
9,12,12,4,4,75
9,12,12,4,4,76
9,12,12,4,4,77
9,12,12,4,4,78
9,12,12,4,4,79
9,12,12,4,4,80
9,12,12,4,4,81
9,12,12,4,4,82
9,12,12,4,4,83
9,12,12,4,4,84
9,12,12,4,4,85
9,12,12,4,4,86
9,12,12,4,4,87
9,12,12,4,4,88
9,12,12,4,4,89
9,12,12,4,4,90
9,12,12,4,4,91
9,12,12,4,4,92
9,12,12,4,4,93
9,12,12,4,4,94
9,12,12,4,4,95
9,12,12,4,4,96
9,12,12,4,4,97
9,12,12,4,4,98
9,12,12,4,4,99
9,12,12,4,4,100
9,12,12,4,4,101
9,12,12,4,4,102
9,12,12,4,4,103
9,12,12,4,4,104
9,12,12,4,4,105
9,12,12,4,4,106
9,12,12,4,4,107
9,12,12,4,4,108
9,12,12,4,4,109
9,12,12,4,4,110
9,12,12,4,4,111
9,12,12,4,4,112
9,12,12,4,4,113
9,12,12,4,4,114
9,12,12,4,4,115
9,12,12,4,4,116
9,12,12,4,4,117
9,12,12,4,4,118
9,12,12,4,4,119
9,12,12,4,4,120
9,12,12,4,4,121
9,12,12,4,4,122
9,12,12,4,4,123
9,12,12,4,4,124
9,12,12,4,4,125
9,12,12,4,4,126
9,12,12,4,4,127
9,12,12,4,4,128
9,12,12,4,4,129
9,12,12,4,4,130
9,12,12,4,4,131
9,12,12,4,4,132
9,12,12,4,4,133
9,12,12,4,4,134
9,12,12,4,4,135
9,12,12,4,4,136
9,12,12,4,4,137
9,12,12,4,4,138
9,12,12,4,4,139
9,12,12,4,4,140
9,12,12,4,4,141
9,12,12,4,4,142
9,12,12,4,4,143
9,12,12,4,4,144
9,12,12,4,4,145
9,12,12,4,4,146
9,12,12,4,4,147
9,12,12,4,4,148
9,12,12,4,4,149
9,12,12,4,4,150
9,12,12,4,4,151
9,12,12,4,4,152
9,12,12,4,4,153
9,12,12,4,4,154
9,12,12,4,4,155
9,12,12,4,4,156
9,12,12,4,4,157
9,12,12,4,4,158
9,12,12,4,4,159
9,12,12,4,4,160
9,12,12,4,4,161
9,12,12,4,4,162
9,12,12,4,4,163
9,12,12,4,4,164
9,12,12,4,4,165
9,12,12,4,4,166
9,12,12,4,4,167
9,12,12,4,4,168
9,12,12,4,4,169
9,12,12,4,4,170
9,12,12,4,4,171
9,12,12,4,4,172
9,12,12,4,4,173
9,12,12,4,4,174
9,12,12,4,4,175
9,12,12,4,4,176
9,12,12,4,4,177
9,12,12,4,4,178
9,12,12,4,4,179
9,12,12,4,4,180
9,12,12,4,4,181
9,12,12,4,4,182
9,12,12,4,4,183
9,12,12,4,4,184
9,12,12,4,4,185
9,12,12,4,4,186
9,12,12,4,4,187
9,12,12,4,4,188
9,12,12,4,4,189
9,12,12,4,4,190
9,12,12,4,4,191
9,12,12,4,4,192
9,12,12,4,4,193
9,12,12,4,4,194
9,12,12,4,4,195
9,12,12,4,4,196
9,12,12,4,4,197
9,12,12,4,4,198
9,12,12,4,4,199
9,12,12,4,4,200
9,12,12,4,4,201
9,12,12,4,4,202
9,12,12,4,4,203
9,12,12,4,4,204
9,12,12,4,4,205
9,12,12,4,4,206
9,12,12,4,4,207
9,12,12,4,4,208
9,12,12,4,4,209
9,12,12,4,4,210
9,12,12,4,4,211
9,12,12,4,4,212
9,12,12,4,4,213
9,12,12,4,4,214
9,12,12,4,4,215
9,12,12,4,4,216
9,12,12,4,4,217
9,12,12,4,4,218
9,12,12,4,4,219
9,12,12,4,4,220
9,12,12,4,4,221
9,12,12,4,4,222
9,12,12,4,4,223
9,12,12,4,4,224
9,12,12,4,4,225
9,12,12,4,4,226
9,12,12,4,4,227
9,12,12,4,4,228
9,12,12,4,4,229
9,12,12,4,4,230
9,12,12,4,4,231
9,12,12,4,4,232
9,12,12,4,4,233
9,12,12,4,4,234
9,12,12,4,4,235
9,12,12,4,4,236
9,12,12,4,4,237
9,12,12,4,4,238
9,12,12,4,4,239
9,12,12,4,4,240
9,12,12,4,4,241
9,12,12,4,4,242
9,12,12,4,4,243
9,12,12,4,4,244
9,12,12,4,4,245
9,12,12,4,4,246
9,12,12,4,4,247
9,12,12,4,4,248
9,12,12,4,4,249
9,12,12,4,4,250
9,12,12,4,4,251
9,12,12,4,4,252
9,12,12,4,4,253
9,12,12,4,4,254
9,12,12,4,4,255
9,12,12,4,4,256
9,12,12,4,4,257
9,12,12,4,4,258
9,12,12,4,4,259
9,12,12,4,4,260
9,12,12,4,4,261
9,12,12,4,4,262
9,12,12,4,4,263
9,12,12,4,4,264
9,12,12,4,4,265
9,12,12,4,4,266
9,12,12,4,4,267
9,12,12,4,4,268
9,12,12,4,4,269
9,12,12,4,4,270
9,12,12,4,4,271
9,12,12,4,4,272
9,12,12,4,4,273
9,12,12,4,4,274
9,12,12,4,4,275
9,12,12,4,4,276
9,12,12,4,4,277
9,12,12,4,4,278
9,12,12,4,4,279
9,12,12,4,4,280
9,12,12,4,4,281
9,12,12,4,4,282
9,12,12,4,4,283
9,12,12,4,4,284
9,12,12,4,4,285
9,12,12,4,4,286
9,12,12,4,4,287
9,12,12,4,4,288
9,12,12,4,4,289
9,12,12,4,4,290
9,12,12,4,4,291
9,12,12,4,4,292
9,12,12,4,4,293
9,12,12,4,4,294
9,12,12,4,4,295
9,12,12,4,4,296
9,12,12,4,4,297
9,12,12,4,4,298
9,12,12,4,4,299
9,12,12,4,4,300
10,23,19,11,7,0
10,23,19,11,7,3
10,23,19,11,7,6
10,23,19,11,7,9
10,23,19,11,7,12
10,23,19,11,7,15
10,23,19,11,7,18
10,23,19,11,7,21
10,23,19,11,7,24
10,23,19,11,7,27
10,23,19,11,7,30
10,23,19,11,7,33
10,23,19,11,7,36
10,23,19,11,7,39
10,23,19,11,7,42
10,23,19,11,7,45
10,23,19,11,7,48
10,23,19,11,7,51
10,23,19,11,7,54
10,23,19,11,7,57
10,23,19,11,7,60
10,23,19,11,7,63
10,23,19,11,7,66
10,23,19,11,7,69
10,23,19,11,7,72
10,23,19,11,7,75
10,23,19,11,7,78
10,23,19,11,7,81
10,23,19,11,7,84
10,23,19,11,7,87
10,23,19,11,7,90
10,23,19,11,7,93
10,23,19,11,7,96
10,23,19,11,7,99
10,23,19,11,7,102
10,23,19,11,7,105
10,23,19,11,7,108
10,23,19,11,7,111
10,23,19,11,7,114
10,23,19,11,7,117
10,23,19,11,7,120
10,23,19,11,7,123
10,23,19,11,7,126
10,23,19,11,7,129
10,23,19,11,7,132
10,23,19,11,7,135
10,23,19,11,7,138
10,23,19,11,7,141
10,23,19,11,7,144
10,23,19,11,7,147
10,23,19,11,7,150
10,23,19,11,7,153
10,23,19,11,7,156
10,23,19,11,7,159
10,23,19,11,7,162
10,23,19,11,7,165
10,23,19,11,7,168
10,23,19,11,7,171
10,23,19,11,7,174
10,23,19,11,7,177
10,23,19,11,7,180
10,23,19,11,7,183
10,23,19,11,7,186
10,23,19,11,7,189
10,23,19,11,7,192
10,23,19,11,7,195
10,23,19,11,7,198
10,23,19,11,7,199
10,23,19,11,7,200
10,23,19,11,7,201
10,23,19,11,7,202
10,23,19,11,7,203
10,23,19,11,7,204
10,23,19,11,7,205
10,23,19,11,7,206
10,23,19,11,7,207
10,23,19,11,7,208
10,23,19,11,7,209
10,23,19,11,7,210
10,23,19,11,7,211
10,23,19,11,7,212
10,23,19,11,7,213
10,23,19,11,7,214
10,23,19,11,7,215
10,23,19,11,7,216
10,23,19,11,7,217
10,23,19,11,7,218
10,23,19,11,7,219
10,23,19,11,7,220
10,23,19,11,7,221
10,23,19,11,7,222
10,23,19,11,7,223
10,23,19,11,7,224
10,23,19,11,7,225
10,23,19,11,7,226
10,23,19,11,7,227
10,23,19,11,7,228
10,23,19,11,7,229
10,23,19,11,7,230
10,23,19,11,7,231
10,23,19,11,7,232
10,23,19,11,7,233
10,23,19,11,7,234
10,23,19,11,7,235
10,23,19,11,7,236
10,23,19,11,7,237
10,23,19,11,7,238
10,23,19,11,7,239
10,23,19,11,7,240
10,23,19,11,7,241
10,23,19,11,7,242
10,23,19,11,7,243
10,23,19,11,7,244
10,23,19,11,7,245
10,23,19,11,7,246
10,23,19,11,7,247
10,23,19,11,7,248
10,23,19,11,7,249
10,23,19,11,7,252
10,23,19,11,7,255
10,23,19,11,7,258
10,23,19,11,7,261
10,23,19,11,7,264
10,23,19,11,7,267
10,23,19,11,7,270
10,23,19,11,7,273
10,23,19,11,7,276
10,23,19,11,7,279
10,23,19,11,7,282
10,23,19,11,7,285
10,23,19,11,7,288
10,23,19,11,7,291
10,23,19,11,7,294
10,23,19,11,7,297
10,23,19,11,7,300
10,23,19,11,7,303
10,23,19,11,7,306
10,23,19,11,7,309
10,23,19,11,7,312
10,23,19,11,7,315
10,23,19,11,7,318
10,23,19,11,7,321
10,23,19,11,7,324
10,23,19,11,7,327
10,23,19,11,7,330
10,23,19,11,7,333
10,23,19,11,7,335
10,23,19,11,7,336
10,23,19,11,7,337
10,23,19,11,7,338
10,23,19,11,7,339
10,23,19,11,7,340
10,23,19,11,7,341
10,23,19,11,7,342
10,23,19,11,7,343
10,23,19,11,7,344
10,23,19,11,7,345
10,23,19,11,7,346
10,23,19,11,7,347
10,23,19,11,7,348
10,23,19,11,7,349
10,23,19,11,7,350
10,23,19,11,7,351
10,23,19,11,7,352
10,23,19,11,7,353
10,23,19,11,7,354
10,23,19,11,7,355
10,23,19,11,7,356
10,23,19,11,7,357
10,23,19,11,7,358
10,23,19,11,7,359
10,23,19,11,7,360
10,23,19,11,7,361
10,23,19,11,7,362
10,23,19,11,7,363
10,23,19,11,7,364
10,23,19,11,7,365
10,23,19,11,7,366
10,23,19,11,7,367
10,23,19,11,7,368
10,23,19,11,7,369
10,23,19,11,7,370
10,23,19,11,7,371
10,23,19,11,7,372
10,23,19,11,7,373
10,23,19,11,7,374
10,23,19,11,7,375
10,23,19,11,7,376
10,23,19,11,7,377
10,23,19,11,7,378
10,23,19,11,7,379
10,23,19,11,7,380
10,23,19,11,7,381
10,23,19,11,7,382
10,23,19,11,7,383
10,23,19,11,7,384
10,23,19,11,7,385
10,23,19,11,7,386
10,23,19,11,7,387
10,23,19,11,7,388
10,23,19,11,7,389
10,23,19,11,7,390
10,23,19,11,7,391
10,23,19,11,7,392
10,23,19,11,7,393
10,23,19,11,7,394
10,23,19,11,7,395
10,23,19,11,7,396
10,23,19,11,7,397
10,23,19,11,7,398
10,23,19,11,7,399
10,23,19,11,7,400
10,23,19,11,7,401
10,23,19,11,7,402
10,23,19,11,7,403
10,23,19,11,7,404
10,23,19,11,7,405
10,23,19,11,7,408
10,23,19,11,7,411
10,23,19,11,7,414
10,23,19,11,7,417
10,23,19,11,7,420
10,23,19,11,7,423
10,23,19,11,7,426
10,23,19,11,7,429
10,23,19,11,7,432
10,23,19,11,7,435
10,23,19,11,7,438
10,23,19,11,7,441
10,23,19,11,7,444
10,23,19,11,7,447
10,23,19,11,7,450
10,23,19,11,7,453
10,23,19,11,7,456
10,23,19,11,7,459
10,23,19,11,7,462
10,23,19,11,7,465
10,23,19,11,7,468
10,23,19,11,7,471
10,23,19,11,7,474
10,23,19,11,7,477
10,23,19,11,7,480
10,23,19,11,7,483
10,23,19,11,7,486
10,23,19,11,7,489
10,23,19,11,7,492
10,23,19,11,7,495
10,23,19,11,7,498
10,23,19,11,7,501
10,23,19,11,7,504
10,23,19,11,7,507
10,23,19,11,7,510
10,23,19,11,7,513
10,23,19,11,7,516
10,23,19,11,7,519
10,23,19,11,7,522
10,23,19,11,7,525
10,23,19,11,7,528
10,23,19,11,7,531
10,23,19,11,7,534
10,23,19,11,7,537
10,23,19,11,7,540
10,23,19,11,7,543
10,23,19,11,7,546
10,23,19,11,7,549
10,23,19,11,7,552
10,23,19,11,7,555
10,23,19,11,7,558
10,23,19,11,7,561
10,23,19,11,7,564
10,23,19,11,7,567
10,23,19,11,7,570
10,23,19,11,7,573
10,23,19,11,7,576
10,23,19,11,7,579
10,23,19,11,7,582
10,23,19,11,7,585
10,23,19,11,7,588
10,23,19,11,7,591
10,23,19,11,7,594
10,23,19,11,7,597
10,23,19,11,7,600
10,23,19,11,7,603
10,23,19,11,7,606
10,23,19,11,7,609
10,23,19,11,7,612
10,23,19,11,7,615
10,23,19,11,7,618
10,23,19,11,7,621
10,23,19,11,7,624
10,23,19,11,7,627
10,23,19,11,7,630
10,23,19,11,7,633
10,23,19,11,7,636
10,23,19,11,7,639
10,23,19,11,7,642
10,23,19,11,7,645
10,23,19,11,7,648
10,23,19,11,7,651
10,23,19,11,7,654
10,23,19,11,7,657
10,23,19,11,7,660
10,23,19,11,7,663
10,23,19,11,7,666
10,23,19,11,7,669
10,23,19,11,7,672
10,23,19,11,7,675
10,23,19,11,7,678
10,23,19,11,7,681
10,23,19,11,7,684
10,23,19,11,7,687
10,23,19,11,7,690
10,23,19,11,7,693
10,23,19,11,7,696
10,23,19,11,7,699
10,23,19,11,7,702
10,23,19,11,7,705
10,23,19,11,7,708
10,23,19,11,7,711
10,23,19,11,7,714
10,23,19,11,7,717
10,23,19,11,7,720
10,23,19,11,7,723
10,23,19,11,7,726
10,23,19,11,7,729
10,23,19,11,7,732
10,23,19,11,7,735
10,23,19,11,7,738
10,23,19,11,7,741
10,23,19,11,7,744
10,23,19,11,7,747
10,23,19,11,7,750
10,23,19,11,7,753
10,23,19,11,7,756
10,23,19,11,7,759
10,23,19,11,7,760
